timestamp,temperature,humidity,cloud_cover,solar_radiation,pv_voltage,pv_current,pv_power,battery_voltage,pwm,vmpp
2026-01-01 00:00:00,23.108904159657687,38.31939786151342,57.19958782835928,578.6804635002351,17.74442409279885,1.7360413905007053,30.780987060926524,11.654315585048721,67,17.730560589945807
2026-01-01 00:01:00,43.275000724347066,37.28851593503999,80.54323292999864,445.6655178042589,16.555877379539908,1.3369965534127766,22.068553593030373,12.8655233007883,77,16.506066179975452
2026-01-01 00:02:00,35.619787963399176,83.43782063647257,76.01609297901591,473.70629643367835,17.042488478466318,1.421118889301035,24.146049395259784,13.275673107736417,43,16.99087217617367
2026-01-01 00:03:00,30.95304694689628,37.46823398946543,15.389990469377368,911.4268593365238,17.951046094955014,2.7342805780095714,48.79187967948364,13.404889343139168,76,17.844503622595255
2026-01-01 00:04:00,15.460652415485278,39.03648082900417,14.92494697414739,879.7077353470769,18.476009499720764,2.639123206041231,48.964945266592174,11.892219895605683,58,18.553489717534315
2026-01-01 00:05:00,15.459808211767093,73.15787836925746,26.817436774491334,812.9581045031236,18.67186569192889,2.438874313509371,45.668229715147504,13.5640638151798,76,18.72512636759624
2026-01-01 00:06:00,12.03292642588698,51.481788971537796,36.10747263410372,719.9472556527413,18.747852427575136,2.159841766958224,40.08299512030109,13.009136011249117,53,18.558301692976002
2026-01-01 00:07:00,40.31616510212273,74.36973898686269,40.84555814084826,728.1109886525566,17.253821743383085,2.18433296595767,37.720928345081994,13.528266041887571,70,17.268854580759456
2026-01-01 00:08:00,31.039025411012307,24.575631029506965,67.96972168333453,534.5893718254608,17.526212270974277,1.6037681154763825,28.07589964424852,12.616145649353456,67,17.506208892243045
2026-01-01 00:09:00,34.78254022286159,54.1299835571369,5.66804321658354,970.2397979044665,17.837168840672046,2.9107193937133995,51.93849801628679,12.746676693723565,75,17.84386984484457
2026-01-01 00:10:00,10.720457300353086,22.352952012829785,3.4672704226066386,975.7614876688924,18.701397018673536,2.927284463006677,54.98483828092176,13.613788037165945,77,18.78356510130404
2026-01-01 00:11:00,43.9468448256698,24.38572424187482,39.191056294390904,733.9580637550396,16.845374597645442,2.2018741912651185,36.73391486192576,13.569791949715746,58,16.683021676556262
2026-01-01 00:12:00,39.13549242801476,83.45062173410876,69.71636921379805,544.0721976695856,16.886319660873045,1.632216593008757,27.648263445396086,12.530770008748705,40,16.939089802065105
2026-01-01 00:13:00,17.431868873739667,29.74717597823166,19.343534295648258,858.8933747896218,18.31976680516177,2.5766801243688655,47.49464443027529,12.13114905276207,62,18.432495357532463
2026-01-01 00:14:00,16.36387385224852,57.2694477592652,64.15044812562518,553.7197667948254,18.03479021563356,1.6611593003844765,30.03353463755258,12.404291999497808,67,18.079864243363836
2026-01-01 00:15:00,16.419157844870185,48.77669218204946,25.982813794029948,796.3977774581622,18.220257365921462,2.3891933323744867,44.009963676076346,12.391857955618425,43,18.420427966094014
2026-01-01 00:16:00,20.64847850358382,44.31403283811899,88.60861088135164,362.3745045985719,18.012723817253665,1.0871235137957158,19.652858600986946,12.159793812460427,57,18.077852563751982
2026-01-01 00:17:00,28.366475107128323,82.98833419810907,89.56899442666165,374.97330487523465,16.831278091042936,1.124919914625704,19.042746627181774,12.117733089965823,78,16.928090950828167
2026-01-01 00:18:00,25.11807565247405,21.527637774284266,29.72872042813265,813.9776279371097,17.67881626841047,2.441932883811329,43.01971086496341,13.480444753903356,64,17.617073405317736
2026-01-01 00:19:00,20.193019906931468,66.46527803229124,22.99937539632405,833.8787557407002,18.290301081012412,2.5016362672221004,45.92414427112692,11.660682417574723,57,18.3576425049684
2026-01-01 00:20:00,31.414851315283283,87.43761039494854,41.13039720662313,707.3688889673956,17.553806650327175,2.122106666902187,37.06264865711185,13.058505718829068,45,17.46502625676929
2026-01-01 00:21:00,14.882285122821465,59.211772842328934,24.05315851801487,823.4901854838083,18.74418299533756,2.470470556451425,45.96146084186429,11.89748611834984,58,18.60433459603063
2026-01-01 00:22:00,20.225062698732636,85.57757234231643,67.23838432917036,518.636176278921,18.01159526756731,1.555908528836763,27.902850957939172,12.292363554806347,51,17.93347773393855
2026-01-01 00:23:00,22.822664515279207,23.658051550021664,82.60646845482856,427.65414993037655,17.785630109281378,1.2829624497911296,22.84592908475574,11.641548978510125,64,17.807168938167386
2026-01-01 00:24:00,25.962449447596256,49.31553233519129,67.3092130911217,498.8903554585752,17.21287934640182,1.4966710663757254,25.74089828834937,12.120939364767564,74,17.198767896731262
2026-01-01 00:25:00,37.481158648755475,38.21104536734358,82.43504472493495,448.5734784587899,16.584960211664576,1.3457204353763697,22.52394021650033,13.267368463569657,40,16.737458705678982
2026-01-01 00:26:00,16.98858237554259,71.15746754865108,39.69921622074742,708.7970404921789,18.336140756485168,2.1263911214765363,39.01825363373071,13.535535246458696,44,18.34951869373729
2026-01-01 00:27:00,27.998205344476407,88.69079633480726,15.631697070886085,905.0161902125602,18.075662890425782,2.7150485706376806,49.30991591726374,12.009512449375444,40,18.161706737232464
2026-01-01 00:28:00,30.734509910171486,37.957104371097344,73.79509473975922,458.03436487380793,17.708448599974744,1.3741030946214239,24.237826419268263,12.56616003029552,47,17.639015961859815
2026-01-01 00:29:00,11.62576444519992,65.79222210318521,36.047450514155386,761.0446490118368,19.058694784404977,2.2831339470355103,42.92615921674356,12.581745310255576,78,18.80141954548053
2026-01-01 00:30:00,31.264069816550343,33.86683429318181,67.12708252291326,543.5493144958972,17.340744925336452,1.6306479434876915,28.195146738763373,13.50922320324739,57,17.29076276173907
2026-01-01 00:31:00,15.968344329055203,59.57311782001269,27.064394198176565,818.233282052882,18.101731541142566,2.454699846158646,44.923082770979704,13.254437821614353,48,18.300845556038034
2026-01-01 00:32:00,12.276805754484784,52.47527406818353,8.122963480667266,923.2506851993334,18.672054750239518,2.7697520555980004,51.81701383365118,12.680077602246515,44,18.708177769530955
2026-01-01 00:33:00,43.210993803866664,88.0403730742076,99.25817954877634,310.18370695052715,16.248434398178482,0.9305511208515815,15.108600434518245,13.04271856108508,43,16.236185305641037
2026-01-01 00:34:00,43.79712115760958,62.59690908875266,15.620150793059928,866.9978207538926,17.30042314147914,2.6009934622616777,44.97556587614968,13.448916623991543,68,17.291687398953112
2026-01-01 00:35:00,38.29390718407614,44.46544604607732,98.8420993963481,303.0500391236396,16.568197876037942,0.9091501173709188,15.129420927516845,11.521939594258754,40,16.64127918859882
2026-01-01 00:36:00,20.661481921067974,27.986704942155335,97.72799325664472,336.4923092225936,17.281463627875752,1.0094769276677809,17.420477173196574,12.426647071415111,69,17.256934453612057
2026-01-01 00:37:00,13.418523990223434,30.58727801144542,79.38181039080396,460.26136580578714,17.858035471687483,1.3807840974173615,24.829653930085836,13.586659284737282,40,17.982285555379423
2026-01-01 00:38:00,33.94815592792549,35.772185096586455,65.94229620819976,538.7075853934105,17.24167222011562,1.6161227561802314,28.017367678453837,13.20271997094109,42,17.336163092384126
2026-01-01 00:39:00,25.405337280886044,37.567666293820864,57.78070502510847,576.0389333057839,17.77870377106956,1.7281167999173515,30.612075292159037,12.748535160968371,61,17.714124006909188
2026-01-01 00:40:00,14.271338219567259,79.54312404887965,86.61015453778347,406.64067247899965,17.95855669785471,1.219922017436999,22.031941710868796,12.718182412180807,47,18.060123020942694
2026-01-01 00:41:00,27.331191853894456,59.28559517977674,28.943952161948793,797.7799596203189,18.010515849296436,2.3933398788609566,42.97647349110943,12.299871224490207,57,17.95669468874721
2026-01-01 00:42:00,11.203598239032644,56.63736379620565,46.7681212484877,626.2168392959777,18.617485116448503,1.8786505178879331,35.2330224387355,12.697197227375483,64,18.754431493914108
2026-01-01 00:43:00,41.826214072757374,28.033821030845225,61.93899693665019,582.0796179697791,17.055499924460843,1.746238853909337,29.474795888075086,13.007381358765944,59,16.87901733608167
2026-01-01 00:44:00,19.05729935600059,80.20977853446044,41.11904758694911,711.6820102139625,18.010026495706374,2.1350460306418872,38.61754577386053,12.462234988386225,70,18.087453487946778
2026-01-01 00:45:00,33.188279952389365,70.59700122459387,42.7486454090268,724.8085070964739,17.272281097618187,2.1744255212894217,37.60592345974472,13.142552236702,69,17.294647754798532
2026-01-01 00:46:00,20.909887663129382,24.73678533300011,33.02846675020844,746.8953223716849,18.207831818152044,2.2406859671150547,40.72395319705753,13.480834122698887,55,18.174770492043002
2026-01-01 00:47:00,28.20238074122338,69.5484568060838,56.4231816684536,541.5036520569048,16.90746064281906,1.6245109561707143,27.558196774475576,11.855775150825181,41,16.96399563806917
2026-01-01 00:48:00,29.13485977701479,58.04767521398522,85.0574528015116,410.17950755632256,17.18600906822433,1.2305385226689676,21.130399553440387,12.538558152480077,56,17.1716684721172
2026-01-01 00:49:00,16.469905943393446,25.720774202274477,20.152837800631286,864.7614089292204,18.5400145166919,2.594284226787661,47.948803337548185,12.438446209955687,49,18.48247884423989
2026-01-01 00:50:00,43.93546197175955,52.08104490700595,93.44330387534414,312.08344032046205,16.144519214419606,0.9362503209613862,15.025373851542508,13.081169049314376,46,16.048457891169257
2026-01-01 00:51:00,37.12964881763901,53.92874009910329,68.90876537482296,498.0686514589072,16.834117112172503,1.4942059543767217,25.03537200751275,12.074695170093237,48,16.75496736857521
2026-01-01 00:52:00,42.88246295474662,31.6042178114293,82.32732126800302,478.81310599837695,16.768846970909618,1.436439317995131,24.11211063700304,12.972577104390236,56,16.786028017289883
2026-01-01 00:53:00,41.31895726496771,86.19887029001976,55.619069263001165,604.5543028759158,16.92236276347612,1.8136629086277476,30.718055731440906,13.518225255982422,48,16.93702594088048
2026-01-01 00:54:00,30.92649925838798,79.49827600364634,77.95167014240634,468.95748853067994,17.462379792420588,1.4068724655920397,24.23685169877016,12.461702679525333,48,17.227468936618084
2026-01-01 00:55:00,42.265598225809086,66.83156361303759,1.620039733946721,975.6465253150053,17.55644829029339,2.926939575945016,51.10863652323029,13.595336109952207,76,17.46145938346846
2026-01-01 00:56:00,13.097237571817182,52.360689270042506,81.83804247795352,385.32764467726224,17.899472740382798,1.1559829340317866,20.798046257538985,13.784276599547,63,17.991655106014818
2026-01-01 00:57:00,16.859400184670083,48.82358791091559,4.013885908536652,968.4976337043253,18.9183477702712,2.905492901112976,54.938073657307854,11.74401171488029,78,18.908348953894645
2026-01-01 00:58:00,11.582955111868833,65.5681427005668,88.99133763628625,371.74854534027423,18.01964658487988,1.1152456360208227,20.133708908721278,12.036022332365174,50,18.0531608987577
2026-01-01 00:59:00,21.38656157671425,58.180230858483384,99.19627472386433,297.6285121595822,17.1219386432476,0.8928855364787466,15.300015169038351,13.685873428408815,47,17.13547206663991
2026-01-01 01:00:00,23.60370513913187,24.359117411731994,29.40674621767778,791.8599597661278,18.26068115989667,2.3755798792983835,43.67178314156821,13.70415367890719,64,18.38363067566748
2026-01-01 01:01:00,19.497216112086356,55.87518541392322,21.031855628579365,858.0623760328572,18.395108488472143,2.5741871280985715,47.458488239773864,11.724726733389545,41,18.436300811910737
2026-01-01 01:02:00,39.00581282031753,76.44825320629877,76.53633638580408,461.2433062742954,16.854879149555945,1.3837299188228862,23.07193016508613,11.534496550867415,49,16.673723572236554
2026-01-01 01:03:00,22.486366434275624,52.146791431787065,25.302634092025322,797.6014379968756,17.929311121710082,2.3928043139906268,42.76277137182154,11.870530053489771,63,17.87140349162253
2026-01-01 01:04:00,19.832707839058326,23.636960428798787,86.55623831722035,403.8300276106964,17.49417635283959,1.2114900828320891,21.495822892851766,13.790829401779172,55,17.74329249365474
2026-01-01 01:05:00,28.994362910538698,75.03947395688232,10.28425921574767,889.0227503833178,18.03205392830296,2.6670682511499533,47.76821007547367,11.913999118204579,58,17.910381579053166
2026-01-01 01:06:00,14.932347874116694,34.09546474951821,12.595519637935826,870.8242133887652,19.033411235874713,2.612472640166296,49.43960337110469,12.655859495460653,70,18.924448283583796
2026-01-01 01:07:00,38.07689432639139,38.10345844216272,97.91515551006155,329.37752132360055,16.535111579101827,0.9881325639708016,16.374384351095312,13.451360770790176,50,16.57104010953247
2026-01-01 01:08:00,12.60927252879198,31.529444740260715,67.38388982700046,538.453176653704,18.131466334982782,1.6153595299611119,29.172973086289122,11.546923704582875,45,18.059739980604462
2026-01-01 01:09:00,44.541042781018106,43.115054541004824,84.68872244289528,406.0310355982524,16.525213736911937,1.2180931067947571,20.23393176671059,12.890324659194457,45,16.611153657993658
2026-01-01 01:10:00,37.02856692538301,72.97260539820445,32.4329377351518,745.0604657588358,17.45419315928583,2.2351813972765076,39.11839853700271,12.137158532400136,71,17.501218730912466
2026-01-01 01:11:00,16.955048853696034,56.35701016527561,67.64837495206044,512.3031565220955,18.154287201687367,1.5369094695662864,27.671182904269592,13.483370307811384,78,18.00443256562038
2026-01-01 01:12:00,10.193274099326084,34.34168919054988,59.42418273085972,578.7757859302519,18.516598379477088,1.7363273577907559,32.198057569725975,12.151960643307383,52,18.54377138346406
2026-01-01 01:13:00,38.5411499959192,81.44810547064286,60.3150120122947,545.8770365424549,16.747247464673773,1.6376311096273648,27.73200652240506,13.079538156648391,42,16.934220630869273
2026-01-01 01:14:00,34.740007034666604,81.57072984660704,68.25324595377215,507.44670516313033,17.114612403935084,1.5223401154893907,26.063897927110677,13.050705154629014,74,17.12094272621322
2026-01-01 01:15:00,35.515250881434554,80.94048975322048,57.53591731290986,610.2951855731646,17.414819571509366,1.830885556719494,31.898930261703736,12.009435162377173,77,17.422678410800803
2026-01-01 01:16:00,36.9944621340081,36.71573479670775,42.906236930266594,728.2024487739181,17.53748109020212,2.1846073463217546,38.05071354760897,11.580038159697205,56,17.417644233264774
2026-01-01 01:17:00,12.591562810693162,51.58675409266917,27.592269438054686,798.4654188804462,18.585698742337062,2.3953962566413387,44.51667905325649,12.441274019706414,42,18.584265100119485
2026-01-01 01:18:00,22.546300499049543,88.94927592986126,76.8581330913202,477.1228354470806,17.866683506259346,1.4313685063412418,25.634152047968758,12.1651442495215,73,17.908841737403375
2026-01-01 01:19:00,14.05541708337954,74.04087334169932,22.62724300031862,803.3280975860204,18.18375583217487,2.409984292758061,43.570709049383474,13.36064882411153,51,18.07925021765175
2026-01-01 01:20:00,40.208619905645776,21.901719485789187,69.23543061544142,528.5410105141824,17.254874206023484,1.5856230315425472,27.34057316997635,13.340837633447295,63,17.242795182773374
2026-01-01 01:21:00,31.815434438964527,24.564321388234443,23.333282264932663,820.5880558509216,17.27391627469344,2.4617641675527646,42.70894601457988,12.55115509004304,45,17.34891854285001
2026-01-01 01:22:00,21.58143086984272,52.475196376863295,62.53301699544539,568.4157933660417,17.81363333765663,1.7052473800981254,30.179695922654258,12.894978118243404,50,17.698133581602466
2026-01-01 01:23:00,12.224542260010827,83.64541441030921,74.70782671290289,472.09016464488565,18.15809080337945,1.4162704939346569,25.68934048672372,12.889796886769929,66,18.13872462692777
2026-01-01 01:24:00,20.884381260048176,57.709125856689994,21.87138889065392,873.3085579610992,18.28674023646155,2.6199256738832974,47.9091336556179,13.402463741383535,63,18.286447639793607
2026-01-01 01:25:00,21.381416270936146,54.846875562400314,5.994330086130828,940.5509764302858,18.610828698245097,2.8216529292908574,52.46309973955642,12.477505552483354,57,18.59303785910393
2026-01-01 01:26:00,35.53621624183224,27.38315899696414,13.097374299417408,920.8705058553148,17.335860785827656,2.7626115175659445,48.18803275128419,12.133527363518171,66,17.442927622969314
2026-01-01 01:27:00,32.31451149743246,65.9746073307006,60.59969672710255,570.2119736443515,17.28898037147368,1.7106359209330546,29.66541321008405,12.10958031172326,60,17.341745749091515
2026-01-01 01:28:00,41.05244599017143,77.54722124201578,84.94464062257356,402.2214060817919,16.485425650153445,1.2066642182453757,19.891940954840685,12.73324224234907,73,16.485067389970165
2026-01-01 01:29:00,26.527522380668227,46.62940052552936,4.499682123542437,964.8251472720187,18.210423428239633,2.894475441816056,52.76596832657758,12.53304086628409,72,18.2298897977421
2026-01-01 01:30:00,14.18579860784056,74.29282956477292,73.41512590416463,469.1806565809654,18.158769440801503,1.4075419697428961,25.380130471582213,12.512277773265353,57,18.031526602519843
2026-01-01 01:31:00,34.963567552804825,87.51336577305682,34.13186459500521,760.7949685168302,17.483341790944298,2.2823849055504906,39.8540950185671,11.709615879906327,42,17.4616012056716
2026-01-01 01:32:00,36.62747670159141,34.26365213893824,47.85283699195225,663.7771766138978,17.189797355612047,1.9913315298416934,34.06034575220651,13.15278860358745,63,17.104306963348407
2026-01-01 01:33:00,29.64470191493237,56.63307418363189,92.88595498455656,354.6231200762387,16.99862632980611,1.0638693602287161,18.08331817527166,11.991594382358395,40,16.997686794348525
2026-01-01 01:34:00,36.98385129840963,40.09965706592028,33.19715047358455,769.3100495987654,17.51785586065776,2.3079301487962964,40.186203679333545,11.952993349480058,45,17.41222701228315
2026-01-01 01:35:00,27.282845872753676,75.49980933236876,46.5336933939486,690.2240372346045,17.94968963902275,2.0706721117038134,37.085606785346876,12.449344136638006,58,17.909936863365434
2026-01-01 01:36:00,28.29564902836979,60.43153561168103,1.3682414760681105,1008.8924819884706,18.030242453263494,3.0266774459654116,54.56766623053677,12.023890185720944,61,18.02890040472465
2026-01-01 01:37:00,24.963935642549238,64.42076922852127,8.159872000483837,921.8684295600572,18.009524044402138,2.7656052886801716,49.810908521918776,12.842874014808435,47,18.01085235329804
2026-01-01 01:38:00,10.88966943604333,75.85399117311258,25.859159113478402,836.3613362174667,18.787306703029305,2.5090840086524,47.37840748366556,12.354365680469284,44,18.8827505656584
2026-01-01 01:39:00,13.776199944765656,47.71793308637184,2.7852240821074403,956.7767028830509,18.840545850488382,2.870330108649153,53.93308447263619,12.532496961963417,48,18.789854278474753
2026-01-01 01:40:00,11.100021499035698,84.05630478849302,63.1375326048251,569.7943895289791,18.511769662685236,1.7093831685869372,31.65058001180383,12.735489439689267,60,18.515790136138875
2026-01-01 01:41:00,32.274364394232315,57.3120207072298,42.63983568016225,713.9159259329216,17.27579703049542,2.141747777798765,37.107913916285156,11.96813170170815,67,17.32599622651354
2026-01-01 01:42:00,21.002459337671432,31.05683759847436,54.814520272802206,578.0720202571345,17.621743455498653,1.7342160607714034,30.368026141961945,11.85822873259072,43,17.511097278417445
2026-01-01 01:43:00,27.799974190764598,68.71293827181617,17.464718589632955,879.6065548031575,17.74778870371176,2.638819664409472,47.16312329452799,13.524970376609291,63,17.87281030630124
2026-01-01 01:44:00,41.76482658741325,75.52829453067781,29.593202943661613,783.4776571271624,16.941455044923835,2.3504329713814873,39.91905934905599,12.497564516512268,47,16.983704634467077
2026-01-01 01:45:00,18.725228020210622,42.173317394726865,66.38244748527251,520.147562444385,17.98097413751794,1.560442687333155,27.897909983399632,12.44781530215484,56,17.878202262639988
2026-01-01 01:46:00,24.36340230624704,80.0025479899127,96.53027236303998,351.3051400727002,17.262970846034648,1.0539154202181007,18.160457724124583,11.581907945627535,73,17.23141855194262
2026-01-01 01:47:00,36.44428984900671,83.43002783360365,5.04167736022092,951.6346756657053,17.798655018550235,2.854904026997116,50.82711515211986,12.645345495951005,59,17.803440911315512
2026-01-01 01:48:00,18.007935792206787,39.38331411644663,89.03843208552661,360.6034368189528,17.657978667448603,1.0818103104568584,19.075429562179053,12.7745903597053,55,17.632878313133588
2026-01-01 01:49:00,12.694296844007756,88.84650309006554,57.68812013112085,597.697057882256,18.359867061482657,1.793091173646768,32.888744980619094,12.785334003195734,49,18.341925644377774
2026-01-01 01:50:00,20.14130085198188,29.849806963413087,56.39195667556237,618.9680981970317,17.851247761756053,1.8569042945910952,33.429688352178864,13.126171689442634,73,18.002914016384644
2026-01-01 01:51:00,15.642745053890154,34.141096788174295,50.027853520776034,646.9720536343652,18.24238565770468,1.9409161609030958,35.4747299402318,11.908208220479327,49,18.277311846239478
2026-01-01 01:52:00,42.53941783199006,32.89573874666183,6.9394085904183385,974.7515507804568,17.541982777931565,2.9242546523413706,50.82451265277634,12.080113208730424,69,17.38033061248019
2026-01-01 01:53:00,38.28421328475459,82.57927970055093,8.987685173616066,947.7057170239693,17.593535635902573,2.843117151071908,50.20793648999948,13.36468007002995,69,17.65946804938029
2026-01-01 01:54:00,32.16913147786482,65.80047866274734,60.09120056590861,535.7973696440112,17.054278352397176,1.6073921089320335,27.464075901007263,13.678492418739808,64,17.08610845380761
2026-01-01 01:55:00,40.50112065657012,30.647299825559102,34.09585714355583,750.7396607249691,17.376774967258804,2.2522189821749072,39.25828728666853,11.812645318944838,46,17.430937043589722
2026-01-01 01:56:00,38.128522691469,50.82263928578443,91.72680665776807,346.67551140858967,16.60757813353391,1.040026534225769,17.281371742216184,12.644593975362003,59,16.616279655865725
2026-01-01 01:57:00,16.529952061011254,63.07086175488614,40.659053735947225,724.9738429169578,17.99034105061271,2.174921528750873,39.25440470052352,11.99260538130105,56,18.04865333374514
2026-01-01 01:58:00,41.23956494714922,25.84248594925683,14.328145870264109,847.206637780669,17.3451205309277,2.5416199133420068,43.960992551269634,11.638168287216459,42,17.296446380711895
2026-01-01 01:59:00,28.876978467047774,81.76914578851371,71.4718833502036,550.6770107229293,17.281661837471535,1.6520310321687879,28.51724485493339,12.248657677690112,79,17.26193049624251
2026-01-01 02:00:00,38.26040543074219,76.25224748090747,29.335342144100984,805.2731268891773,17.55531108720913,2.415819380667532,42.22358562608295,11.830481537923689,75,17.47795632569843
2026-01-01 02:01:00,41.363195497322266,55.36447415036468,52.54703073558932,635.1483209292287,17.271389705117308,1.9054449627876862,33.10993356908897,13.132846068898766,65,17.376483821736205
2026-01-01 02:02:00,21.130121624015235,87.69886306814193,69.783278550517,535.148404474764,17.60486805891152,1.605445213424292,28.318290958063596,12.727568451444323,49,17.63890210719981
2026-01-01 02:03:00,13.851817358468686,49.24326854925698,90.02641112020704,416.68820321480325,18.026343640382358,1.2500646096444097,22.56231101346797,11.830819283277716,73,18.04891590354357
2026-01-01 02:04:00,17.97773068896796,88.88772233255484,79.2191194801676,462.8810965305948,17.53989868361543,1.3886432895917844,24.293389504710564,11.521255653332682,53,17.49433399260657
2026-01-01 02:05:00,24.94877260191897,66.7543999162539,67.63610678727241,545.5235144185256,17.632305567699404,1.6365705432555766,28.986328146341638,13.35876121275569,47,17.71162768742011
2026-01-01 02:06:00,38.63051680728726,64.4269891277759,67.96331823951436,526.8705728126871,16.823202639320563,1.5806117184380613,26.44622192006389,11.905247134177769,66,16.73163725889473
2026-01-01 02:07:00,40.12557041397202,31.616842670704948,94.59246440320865,335.02223411020054,16.539929465831563,1.0050667023306017,16.504489684488565,12.894298277107762,49,16.421287906779803
2026-01-01 02:08:00,10.243324568591675,81.73494308132507,29.582409749653603,783.4072228723269,18.393800073147382,2.350221668616981,43.461914422010516,12.274920400076516,54,18.49268730791094
2026-01-01 02:09:00,27.8761555902148,49.92427815444306,0.11120941961874076,982.699294228378,18.227584117553416,2.948097882685134,53.88141627763473,12.846617658124583,76,18.276671407042773
2026-01-01 02:10:00,24.609385110207263,31.356338404773552,27.19545593981987,795.8915264272711,18.161635754795988,2.3876745792818133,43.49108394392885,12.226003342059345,61,18.214828905625197
2026-01-01 02:11:00,17.77377336647556,20.88252639830313,21.7891379626744,820.4649149744196,18.6599243675373,2.4613947449232585,45.2815056218416,11.699960989592185,70,18.39668574706955
2026-01-01 02:12:00,14.195287856678899,59.18289785468678,66.18345851139982,535.1983614065008,17.927157797687872,1.6055950842195024,28.852780983557693,12.012785019682834,41,17.97014780820866
2026-01-01 02:13:00,21.81653099912698,56.91797354858734,63.3711599765529,522.7085286196019,18.228903394409436,1.5681255858588057,28.322137076988597,11.932534702901874,70,18.061140850193823
2026-01-01 02:14:00,43.00183963693817,70.3547535658411,59.34613827047238,588.3953625895676,16.505755836975855,1.765186087768703,29.35931468914533,12.484444510611182,53,16.632419036486514
2026-01-01 02:15:00,21.312102620726435,82.31806371124614,1.62434432094537,987.9029775925356,17.93487777875056,2.9637089327776067,53.44706122203297,13.014052701880162,49,18.033842875366997
2026-01-01 02:16:00,28.157671761017813,25.558460925012067,72.87780544506475,492.7940678522805,17.404324862534125,1.4783822035568415,25.831750533768904,12.106753972376623,69,17.472985315718944
2026-01-01 02:17:00,34.60566356133123,71.20475432382537,32.353041248549154,763.0860798597562,17.158822075850118,2.2892582395792687,39.47457494104984,11.527760851191422,75,17.24339100699477
2026-01-01 02:18:00,22.727036083275287,33.118836086830754,66.50559890066312,595.9980150989683,17.97857710376867,1.7879940452969048,32.19348893859146,12.693555937808942,79,18.005366977184522
2026-01-01 02:19:00,44.012372895233625,80.07239372100148,55.65784285021533,637.597418052099,16.658672122709632,1.912792254156297,32.00015354645647,12.893246825525637,54,16.72954994298178
2026-01-01 02:20:00,43.68565532297389,77.33444597031593,34.27309254279072,735.1975021987704,17.00732197598484,2.2055925065963113,37.69193527523075,13.714602136204164,53,17.0892561352583
2026-01-01 02:21:00,18.812380353887747,57.85556284898811,13.457626710410775,910.4539747756625,18.87120921342687,2.7313619243269875,51.22768168140615,12.855782847114469,70,18.755362013779536
2026-01-01 02:22:00,27.40369770623349,69.71699590363181,9.441889766048096,921.7466487789168,17.943042677183872,2.7652399463367505,49.2784100686694,12.583696886569726,68,17.820663314932556
2026-01-01 02:23:00,20.53074084358694,42.00450792286239,83.15183331122236,397.64757228729525,17.60167653991065,1.1929427168618858,20.884546198457194,12.818823739564719,66,17.506746890073117
2026-01-01 02:24:00,19.969417303211365,52.98175292529702,91.8397542081558,330.3202791204307,17.5842752345471,0.9909608373612921,17.373401866437995,13.634171448682663,60,17.531875338988666
2026-01-01 02:25:00,11.291043157408648,77.51458283973301,64.97880467642996,553.7927010801754,18.63292146413465,1.6613781032405264,30.940919590042366,13.405269734883786,48,18.623647157556697
2026-01-01 02:26:00,31.33475168929639,52.148563802124976,10.343411486048337,913.9685148962701,17.67283557522491,2.74190554468881,48.59352697474457,12.242851086736758,59,17.7225386442915
2026-01-01 02:27:00,27.59376581301015,45.04587857278092,40.20272168882407,737.9374686587356,17.563001422672286,2.213812405976207,39.0922016265773,12.045685036411417,74,17.658317173147797
2026-01-01 02:28:00,11.801756293749627,54.59487130752099,72.89392001051573,509.6182042169987,18.356267177092445,1.5288546126509963,28.00856697919531,12.10405730844197,54,18.319967606749177
2026-01-01 02:29:00,19.752626248281402,77.97744767060529,77.9820884010068,481.6036688971814,17.551965406534908,1.4448110066915443,25.528840219324795,12.66016839134499,63,17.66932844578959
2026-01-01 02:30:00,41.78930600883288,43.46456331596109,11.82186222910886,900.199229074756,17.241946626832473,2.700597687224268,46.83197923992953,13.21131373782573,55,17.341338719750013
2026-01-01 02:31:00,18.384666173344037,32.16331151950207,0.003071884538241587,1009.4858090220727,18.449979246292763,3.028457427066218,55.52582180630124,12.657404176520814,75,18.33468792067228
2026-01-01 02:32:00,15.071320523192808,69.84098142315466,71.2137045880605,514.1531522164225,18.700594594848525,1.5424594566492678,28.551741568970726,11.655931710404658,50,18.510529690676314
2026-01-01 02:33:00,27.130846609714705,77.81847488956572,35.659617598620564,740.8991133075767,17.5745940072304,2.22269733992273,38.975585744352244,13.164235611011957,47,17.535264493413752
2026-01-01 02:34:00,44.497765893871026,27.044623496647333,25.448133161826025,806.4276287193603,17.081048322816912,2.419282886158081,41.05620459974879,13.353731295943195,42,16.97040260758745
2026-01-01 02:35:00,18.471934502902513,36.79118789291613,1.289746978952544,1023.1621844628515,18.630065512636335,3.069486553388555,57.26019839024184,12.165845089775356,58,18.654650344380734
2026-01-01 02:36:00,33.52474415920575,29.938039283269575,54.02994067614997,626.3403327815913,17.562043499474687,1.8790209983447739,33.25080029781753,13.027489200351706,42,17.695810918083456
2026-01-01 02:37:00,36.65668653650512,44.35589881075167,85.11507354259817,416.91384021604756,16.638784439174124,1.2507415206481427,20.734251705072435,12.481161372425104,75,16.577567277312266
2026-01-01 02:38:00,18.317314039733986,51.52456852337889,95.76316462725879,313.2163273726299,18.057628548495003,0.9396489821178897,16.914339071742145,13.544974518173118,64,18.000699616167996
2026-01-01 02:39:00,35.487572201415084,72.41784358743146,56.574495061328925,579.5928452402537,17.303612877398056,1.738778535720761,30.074689087323783,13.444018783769703,75,17.29644602201003
2026-01-01 02:40:00,22.87240964517386,65.5803309417172,51.44613277398942,628.488075092232,17.90829314945379,1.8854642252766958,33.81114509459707,12.708493596112177,50,17.9325306952643
2026-01-01 02:41:00,32.13070407077528,63.46499972349018,8.50563854892411,937.9801024097312,17.749729270530352,2.8139403072291937,49.675918323640026,13.090462755371268,55,17.653508212672243
2026-01-01 02:42:00,32.17353987663131,44.66624626267581,54.887280154259976,594.5046387838332,17.34873490940905,1.7835139163514997,31.117517000316642,13.53170431235084,56,17.447308212751796
2026-01-01 02:43:00,28.752113942616546,78.9013287159332,37.99790789653946,733.8177485512161,17.49104554332297,2.2014532456536484,38.67606315790639,12.640149123180034,63,17.568423601212036
2026-01-01 02:44:00,13.16014195190429,52.99010171787152,60.71352808835769,541.2351996201261,18.356367301798617,1.6237055988603784,29.96902318059544,12.220476703124291,56,18.45717795247466
2026-01-01 02:45:00,39.23558734562333,88.53734566106081,38.87263478765467,705.4906080370199,16.9607414352164,2.1164718241110596,35.87894707554549,13.233432117192038,59,16.952244138952818
2026-01-01 02:46:00,21.227302274010754,64.38994968070158,24.029912345036674,845.2088385502808,18.125027144022738,2.5356265156508426,46.23414846004487,12.006152386004791,61,18.233816445233664
2026-01-01 02:47:00,16.5281478639949,28.83853190951519,9.49652752283765,945.6001177456943,18.462513947764638,2.836800353237083,52.568571934601835,12.393621640413897,45,18.530938165816163
2026-01-01 02:48:00,11.427129954416737,67.33242934528039,31.491844458889574,771.7195534800356,18.3681426837911,2.315158660440107,42.68855822078296,13.491172645345626,46,18.43871824001382
2026-01-01 02:49:00,30.681253011588463,42.75728108021893,9.664483428775227,911.9933298170344,18.00613047429432,2.735979989451103,49.335714583349954,13.166171382619424,53,18.032191307527714
2026-01-01 02:50:00,33.71475266447989,68.04290376802682,17.689695082398394,855.6240633926911,17.606052766706576,2.5668721901780733,45.57427723595242,12.428765312069249,50,17.75479021134697
2026-01-01 02:51:00,10.580574012474965,24.874880371368402,98.73361585795459,301.3993240754917,18.223592824473418,0.904197972226475,16.469850620872993,11.993912355539223,51,18.214872325269692
2026-01-01 02:52:00,27.923257040474834,32.24170060231716,44.41035569066186,702.0178799982729,17.475619311398503,2.106053639994818,36.54190282256844,12.318727298914144,44,17.350888946332034
2026-01-01 02:53:00,17.92735213192783,79.90160812340504,53.187176650501655,646.2546772733749,18.349397687013557,1.9387640318201247,35.548883661218305,12.153439543223095,44,18.33584854978188
2026-01-01 02:54:00,32.58104766433075,35.90256899164604,87.36185287372153,378.5363951743099,17.643974105096436,1.1356091855229298,19.86162521788852,11.905005362270865,59,17.489841990616306
2026-01-01 02:55:00,16.1028250151747,78.5928787670058,99.55689004906878,280.031921136823,17.707978231698803,0.8400957634104689,14.764328868579726,13.209665701201011,54,17.574578413111112
2026-01-01 02:56:00,34.182820833586305,39.54932619180873,58.27144493446815,597.4567582160496,17.69384732279134,1.7923702746481487,31.574527067510008,12.079760739755395,65,17.616073818066553
2026-01-01 02:57:00,23.53573712051881,65.00173370410954,81.24738210441717,414.79762585656283,17.450245912610626,1.2443928775696884,21.705667872428968,12.544585181385857,72,17.44277732834694
2026-01-01 02:58:00,42.78554960578571,68.59054014568818,32.694102433667524,760.7762301871034,16.779654956303652,2.28232869056131,38.29155259632697,12.387476727723051,69,16.777404917479107
2026-01-01 02:59:00,14.813233045109763,55.88583272015371,30.57439574472911,812.4847515956369,18.54331896389293,2.437454254786911,45.012319005916424,13.758777970861951,63,18.466938986656604
2026-01-01 03:00:00,21.93732228675905,41.37174736877119,40.27037209945602,734.6497038751232,18.225582174059383,2.2039491116253696,40.25457785055997,12.399512161540908,62,18.264749235009788
2026-01-01 03:01:00,13.971573243420618,34.88510634597673,67.25072626736491,532.4044023734747,17.794140569776133,1.597213207120424,28.721715028095993,11.683959710432536,48,17.98239264492288
2026-01-01 03:02:00,42.3642766397497,22.323254819369836,68.21916892550988,497.02743749917636,16.606459997870278,1.4910823124975292,24.688236921747126,11.706599230915794,42,16.55725959245998
2026-01-01 03:03:00,40.70687736833433,41.27624808685067,31.52394346494508,783.5603270947977,17.19559764569062,2.350680981284393,40.687242499235175,12.85873355911205,75,17.308704508684116
2026-01-01 03:04:00,19.027956970030445,65.72139533718982,13.320992413662868,928.0061989201104,18.395009350407317,2.784018596760331,51.479910026313334,12.87853616899801,46,18.491223473226356
2026-01-01 03:05:00,33.09944161119627,85.68133729139379,63.239625646550856,549.8099471588333,17.336689825475364,1.6494298414765,28.595616611910362,12.463145678110108,61,17.336667430675785
2026-01-01 03:06:00,38.602777007042555,80.98431375841363,12.832586218876452,937.1941782675991,17.56370583744559,2.811582534802797,49.408553723411416,12.493240492317668,53,17.573218325200937
2026-01-01 03:07:00,29.432028405981182,73.62453435747119,57.84925082293301,620.9101500298331,17.464481308024443,1.8627304500894992,32.79465275044729,11.624044940534004,68,17.605688868656006
2026-01-01 03:08:00,28.537770242460226,75.19131402773091,69.3422128056309,547.8791670034533,17.375019157633577,1.6436375010103599,28.53103225416897,12.688056973895304,55,17.35847000122026
2026-01-01 03:09:00,18.464830181515808,66.54894324331967,70.06114963944516,515.6768150545109,18.043233867998158,1.5470304451635326,27.76396737603572,12.66090079337481,73,17.946619901912054
2026-01-01 03:10:00,13.258596873206471,38.220080029620206,75.34721106595967,484.3173565344025,17.815237432975515,1.4529520696032074,26.048628720688008,11.843963432680972,49,17.928071590002094
2026-01-01 03:11:00,41.40255152836644,83.50365214940808,87.28594215656645,417.28215067065673,16.990730707173213,1.25184645201197,21.110490578568882,11.738830588055134,46,16.86348237408834
2026-01-01 03:12:00,41.51463200071657,66.95126183340838,49.995899196478845,658.9765843660276,16.679861250636755,1.9769297530980827,33.2833487963431,11.784216728378828,64,16.83587833314975
2026-01-01 03:13:00,32.15855100456437,59.230844168630796,73.02491895295712,478.80088517349594,17.597775689478997,1.4364026555204878,24.97335872926431,11.732364966929895,66,17.386043275041903
2026-01-01 03:14:00,21.866042686704525,27.769262844943675,61.91727353658367,557.6082285133571,17.70526277318989,1.672824685540071,29.686597290995564,12.902328849734548,54,17.746388816238237
2026-01-01 03:15:00,22.22233511144313,51.29388806644978,18.663993979768257,874.1231412170971,18.305029458087645,2.6223694236512913,47.964363393920934,11.951910100526714,71,18.290467758404958
2026-01-01 03:16:00,35.40844876045838,52.22507898413484,2.568964486940817,956.2060201524899,17.42569032477911,2.86861806045747,50.53040214930277,12.078289350031167,67,17.614893682027677
2026-01-01 03:17:00,41.398859098340196,80.5194526665869,28.454138567693377,797.9558517188626,16.967578129780748,2.393867555156588,40.63300932581922,11.899215931548312,48,16.97379173642768
2026-01-01 03:18:00,41.0480248492791,58.26537541314519,44.30337063376194,711.8073479282714,16.739205919679215,2.135422043784814,35.69647872844511,13.703021200231557,46,16.716357701907395
2026-01-01 03:19:00,37.295644105016834,46.62803842792867,61.71059444286563,524.2007618766349,16.75183789543567,1.5726022856299047,26.357528435047943,13.465620165249222,55,16.76045410584562
2026-01-01 03:20:00,32.47110761540007,88.37602299574615,84.99593305032053,435.7181106836466,16.958931906907047,1.3071543320509398,22.241544695986946,12.030138125908499,65,17.015240014612285
2026-01-01 03:21:00,12.94489877482671,27.750441532842096,19.624571670616564,885.0754826797472,18.678087669191285,2.6552264480392416,49.84588669246939,12.25340247602089,74,18.772744121044067
2026-01-01 03:22:00,15.657004993311482,49.578389981836125,12.55497898984771,902.9198547544565,18.936658057076492,2.70875956426337,50.988621147958355,11.982753537301493,56,18.82360539512276
2026-01-01 03:23:00,41.44939659844778,22.94172726199837,96.34799474743275,336.4318533254069,16.396107171606143,1.0092955599762208,16.54540881873945,12.631314706759895,62,16.39302645810635
2026-01-01 03:24:00,31.225017088085647,71.79328845368512,10.80445593764071,924.4317629746416,17.853079874855926,2.773295288923925,49.084566179001236,11.545104224690784,47,17.699004637204247
2026-01-01 03:25:00,10.321896806582037,84.26535865394054,47.84910701071892,689.6560582937412,18.227198054431472,2.0689681748812236,37.82042021554639,13.044146420462631,41,18.279846289910964
2026-01-01 03:26:00,13.551504000311123,39.60261306853426,58.55637287933019,609.7590527000875,18.339596633278173,1.8292771581002627,33.627741210133145,12.703263744580576,70,18.383076102615394
2026-01-01 03:27:00,33.22256191878195,80.08391737593846,54.137442090743825,593.036490901133,17.636624967938086,1.779109472703399,31.23238340233159,13.566869535092538,71,17.55506554347847
2026-01-01 03:28:00,10.177155434617655,40.45527613233284,8.603215703294321,951.5227383462233,19.059394893179356,2.85456821503867,54.86963213397403,11.878103173955353,68,19.22169238937971
2026-01-01 03:29:00,15.628281799612452,83.75391131507406,5.702691400361937,955.9686031246014,18.723179028320434,2.8679058093738043,54.04432376727044,13.349451265940603,42,18.844525364335727
2026-01-01 03:30:00,29.205682627830516,72.77733325177488,10.548342746103568,927.818252187637,18.218900407478767,2.783454756562911,50.4060050221658,13.321510333273446,47,18.10915191034345
2026-01-01 03:31:00,34.21633191924427,76.34347437890071,58.55876838726125,575.5251832697749,17.424802541962,1.7265755498093247,30.287581276025833,11.79251673519884,41,17.54199593488432
2026-01-01 03:32:00,32.81864408259102,21.260458892031814,54.43448876343211,653.921320038392,17.274460966681144,1.961763960115176,34.245269827194576,12.416686215531493,70,17.4563660682114
2026-01-01 03:33:00,17.849425831119593,87.39672499518181,23.374079203674427,857.1826819723306,18.75938138541466,2.571548045916992,47.76014980035145,11.89135107463239,76,18.57252866660735
2026-01-01 03:34:00,34.92627274716375,70.86696944492263,63.777414184559156,538.7626774286266,16.908291841626934,1.6162880322858797,27.55395082836338,12.085857151052362,59,17.047673606414353
2026-01-01 03:35:00,18.303718062388,41.33257667702934,82.00675020556494,399.2605364228408,17.479708167176728,1.1977816092685225,20.91481949510237,12.105466202110252,68,17.46129622734391
2026-01-01 03:36:00,21.38898943557437,78.05762654011929,4.157895984659376,963.1812754878275,18.295461180625537,2.8895438264634823,52.84557443756516,12.779343706259278,56,18.28855266135311
2026-01-01 03:37:00,36.12719917913084,39.706483889045096,49.81299435480424,659.9990924381965,16.95074404033201,1.9799972773145895,34.1189306897586,12.44624514304907,49,17.23180687199382
2026-01-01 03:38:00,32.73715146665251,81.09276876962895,68.93104121026903,522.2868284070413,17.181998041461416,1.5668604852211239,26.96367863637549,13.679785449214503,61,17.208729743778196
2026-01-01 03:39:00,39.722819367296225,27.88062732883559,25.23119270696871,848.4443075465839,17.766623988874056,2.545332922639752,45.10783686235762,11.790651326478113,45,17.721782663926145
2026-01-01 03:40:00,33.01645123051202,69.2580184222557,30.77709052931491,800.3587607384128,17.65140195125212,2.4010762822152385,42.297290187746114,13.739491910155458,73,17.615971013100232
2026-01-01 03:41:00,29.890801116741507,57.848893365143724,61.36379029893838,589.8448484224895,17.766347973982143,1.7695345452674682,31.278285376968697,12.030468872492808,70,17.67599590560179
2026-01-01 03:42:00,13.278616873983236,26.757412913680856,89.7935293443737,377.9824026015929,17.82727818039742,1.1339472078047788,20.259131784879276,13.277610053678263,51,17.866027311887965
2026-01-01 03:43:00,22.870053107080174,36.932567978118726,80.99244203028994,405.26693118375067,17.52331300847779,1.215800793551252,21.21823151474383,12.27963083019749,51,17.452062564268573
2026-01-01 03:44:00,19.282082868860392,20.868282539412036,58.31302190995835,587.8948760073536,17.633003736315313,1.7636846280220606,31.22063354369704,11.829087209459821,55,17.70193664312332
2026-01-01 03:45:00,18.539637518267924,52.81375758251541,73.02217177572491,510.0465923680989,17.598575668422164,1.5301397771042966,27.144101880448858,13.473145126066353,64,17.73962241006344
2026-01-01 03:46:00,44.055369416335594,41.08856825320002,36.482247020779866,743.5938122840481,16.93824568831392,2.230781436852144,38.07501889138616,12.210380068243866,61,17.068018525882042
2026-01-01 03:47:00,23.758420363336615,61.885023900843116,64.09655280987577,561.3859377033446,17.55945887894747,1.6841578131100337,29.81914233963846,13.015367429721737,66,17.705669924467013
2026-01-01 03:48:00,41.22162943119896,40.80664653960321,46.6181591127557,667.2979199057875,17.2794117290673,2.0018937597173623,34.38943812710486,12.802820475699242,63,17.17845313227818
2026-01-01 03:49:00,32.0898519099042,40.994337805488925,18.993613645756092,846.4484675088704,17.59997354453125,2.539345402526611,45.07701443259705,12.58503951159901,51,17.751430895437103
2026-01-01 03:50:00,37.8183956239577,72.02352391121224,70.17382738772572,506.31632700499773,16.875467847047,1.5189489810149932,25.591349588647038,12.64038478709164,57,16.848063962982067
2026-01-01 03:51:00,27.592298258681723,23.369998518484742,55.646463734882204,616.6557027164777,17.998435594490775,1.8499671081494329,33.34570894918343,13.184147202412262,55,18.02502801389802
2026-01-01 03:52:00,30.191635961922568,83.2026496634391,35.86215819535914,735.8511382432571,17.615149338181087,2.2075534147297713,38.90904329336034,11.701877702483914,43,17.62541419552615
2026-01-01 03:53:00,27.238119283660236,79.6584712073827,91.13391900786307,357.3483420478252,17.593077472349755,1.0720450261434757,18.714386356946207,13.036815522503183,51,17.456716742829784
2026-01-01 03:54:00,16.83350457293156,66.74632782584845,2.0934117826733267,966.5568526815671,18.534075472345307,2.8996705580447015,53.869842460593645,13.56036783321673,72,18.577918209066834
2026-01-01 03:55:00,35.28582403415268,61.5255099075169,31.5773151249496,801.3436924766347,17.690804389039002,2.404031077429904,42.3822126198861,11.632912853145688,61,17.629644232884033
2026-01-01 03:56:00,19.827032685429952,82.46117486977565,5.688139777764656,954.2939064038867,18.679448692302778,2.86288171921166,53.46629824294764,11.823502680237434,57,18.675692357164667
2026-01-01 03:57:00,10.851058825100884,32.97311256701001,76.65273162216272,492.4859895473847,18.272672546617883,1.477457968642154,27.019565816740442,13.148253454414673,72,18.287874437181152
2026-01-01 03:58:00,32.59153035675087,25.527841353358003,70.21074541137926,539.0997391311633,16.988173418758528,1.6172992173934901,27.102985748613115,12.505747790962621,66,16.75817650631988
2026-01-01 03:59:00,16.198873779246714,36.76571189366767,33.13522187363171,766.4325275901432,18.249221420022565,2.29929758277043,42.29179805768718,12.428161827871483,58,18.3933555945941
2026-01-01 04:00:00,42.916050452352,75.62047950901332,67.5662902207073,506.86699380410187,17.03950316118429,1.5206009814123056,25.71425971626131,11.815023259451742,53,16.910589977640544
2026-01-01 04:01:00,43.38750019509056,22.426918670853834,39.593722619594985,681.1259841081683,17.07345078956227,2.043377952324505,34.75338424312063,12.665571093650913,64,17.007810133013272
2026-01-01 04:02:00,42.0202536577157,60.79647845584427,75.62537914224343,441.18160454376016,16.651974999512525,1.3235448136312804,22.10310242928769,11.791054215751668,73,16.699927498975704
2026-01-01 04:03:00,22.95555450894055,89.6806261333917,45.41836627367061,654.5947395863326,17.702594848885127,1.963784218758998,34.44411339613658,12.596227049514244,63,17.539662997140965
2026-01-01 04:04:00,10.54098157851036,79.89872656862775,41.22797278316656,738.9735830670642,18.302509270301215,2.2169207492011926,40.98492392927421,13.256315187611811,77,18.487320281540068
2026-01-01 04:05:00,42.49114969057039,56.50119823305126,93.4729915488301,348.0055509027282,16.47754570232595,1.0440166527081847,17.257305416893285,12.094008023140477,62,16.529722368055857
2026-01-01 04:06:00,24.986445191106,24.454863650064965,25.087909989070024,832.1767205583495,18.010171256212697,2.496530161675049,45.26463698534853,12.605808186813373,44,18.131019476639604
2026-01-01 04:07:00,43.832918666528435,78.1961460069997,12.044733999656543,871.2784418237018,17.449413431922856,2.613835325471105,45.5021814053576,13.781636729612723,75,17.40820508543571
2026-01-01 04:08:00,43.726699198123846,61.928495572404735,58.45431132594582,566.8604921340341,16.573676017146923,1.7005814764021023,28.374172049902537,13.079295973714286,63,16.68498242726564
2026-01-01 04:09:00,39.85533094135761,28.04530979416968,96.93218122841789,339.21632693000055,16.690529155336016,1.0176489807900015,16.94102927537168,13.435120574001957,75,16.647222760661883
2026-01-01 04:10:00,20.305711222435498,26.570009937634936,37.783921372718666,741.248032638621,18.13121769464026,2.223744097915863,40.36064702441591,12.454149495089256,44,18.149861336222415
2026-01-01 04:11:00,23.478420501067383,83.67387736056148,6.203676362878152,953.630159886141,18.061200273209927,2.8608904796584227,51.80825382592353,13.266080123189468,78,18.109135667475535
2026-01-01 04:12:00,39.78978350308999,66.8440184056655,33.93052673095674,773.7831600553052,16.80889202331284,2.3213494801659156,38.92909415222753,11.59317109776504,45,16.770027298709508
2026-01-01 04:13:00,21.09227018046972,78.05007595217289,50.593165431955846,678.5637980990255,18.07257196415726,2.0356913942970762,36.844862293066825,11.782695719847164,75,18.099434126551067
2026-01-01 04:14:00,15.932246134013237,81.52852301975872,16.19230066322137,882.2330460867094,18.50266321980606,2.646699138260128,49.259111689478495,11.967062363716144,43,18.611526704111963
2026-01-01 04:15:00,29.488044186042256,60.02406464338256,65.8102218056492,540.715843413617,17.54317384636178,1.622147530240851,28.003192099819668,12.424489426615006,49,17.26303654739828
2026-01-01 04:16:00,42.765417095627335,56.221244622852886,99.77493890102006,305.42736606748565,15.997318864713774,0.916282098202457,14.702695151837817,13.445213220149256,40,16.04603558301669
2026-01-01 04:17:00,34.36104288362405,50.12991872246931,45.17394759814438,731.6245595184694,17.333571689963044,2.194873678555408,38.531737437588184,12.29641191681224,60,17.555332597978246
2026-01-01 04:18:00,29.952140953127774,42.18626114537835,35.472855673021265,709.7028850004707,17.47955339603307,2.129108655001412,37.39516038191845,13.005628745085565,79,17.563763265005207
2026-01-01 04:19:00,13.4011772819769,50.42171726010982,40.070416683446666,733.1715435116496,18.464345726804986,2.199514630534949,40.8913379310642,13.131422878048012,78,18.59107339564226
2026-01-01 04:20:00,31.52525293447094,74.17157590111094,11.514617839520113,917.101630148178,18.30481406618512,2.751304890444534,50.13482661160986,12.848219414403186,76,18.22219950458107
2026-01-01 04:21:00,44.65188475364921,62.13464017105921,88.32736014262238,393.043913525327,16.010850722500752,1.1791317405759811,18.840975194488003,12.321656526791314,42,15.978685456541593
2026-01-01 04:22:00,14.90294053327834,82.47663029683923,41.4825655521352,696.4745900551592,18.24951597685738,2.0894237701654776,38.04766447550747,12.827222685941152,70,18.209644696678346
2026-01-01 04:23:00,28.141537832730787,51.03660100654314,38.72744114248413,727.9286113854421,17.655938656195517,2.183785834156326,38.63759370805435,12.287210863416416,66,17.69294090277924
2026-01-01 04:24:00,40.70805751747844,62.49627051031278,65.96902729304743,552.4450205379779,17.106294865056686,1.6573350616139337,28.397159950056633,11.692909598669628,56,17.134229889762377
2026-01-01 04:25:00,35.92690162139716,64.19152871643921,44.203342093112354,752.8348093690904,17.01853341878171,2.2585044281072713,38.52020804021214,13.783449149827835,62,17.05562652914248
2026-01-01 04:26:00,34.395550934834375,61.41880136144279,64.8233468807846,562.3972956225492,17.552871283414678,1.6871918868676476,29.628760868763592,11.792519643354774,52,17.560990601828227
2026-01-01 04:27:00,34.58694293954882,69.18436411598614,6.144629013078751,940.0262849478387,17.841396804294057,2.820078854843516,50.07857525288073,11.666401282822932,66,17.757863460757573
2026-01-01 04:28:00,22.58219029269143,36.620342786236435,81.37233437222274,421.9184657539868,17.568175592900175,1.2657553972619606,22.194474150032672,13.52062072317646,59,17.53456805164964
2026-01-01 04:29:00,20.275714549257266,55.86546442820534,94.05039528794026,332.57895081674104,17.545482029080553,0.9977368524502231,17.455875914367198,12.19421972005366,52,17.495470746118468
2026-01-01 04:30:00,38.327640441747974,27.295736196584336,64.8765386159386,509.9513662358295,16.861248311655263,1.5298540987074885,25.718824614577432,12.995683040369068,63,16.81129242083034
2026-01-01 04:31:00,38.35396881377133,46.91579293513688,95.45659288588108,325.20204596480363,16.918172223850643,0.9756061378944109,16.41918591649103,12.256713178223135,42,16.82972798011247
2026-01-01 04:32:00,40.34753115030363,54.13669480348851,15.143231436996329,908.6539615774606,17.21071523818855,2.725961884732382,46.8372051452525,12.400344822827284,49,17.181900234034522
2026-01-01 04:33:00,41.963419339476495,65.65569816818308,47.74161894803537,640.3240249822165,17.01728271409616,1.9209720749466497,32.6207911725746,12.102859835638633,40,16.98139790682827
2026-01-01 04:34:00,27.896983960132822,86.53717368103425,60.180673394544726,599.7049392591988,17.59675250186008,1.7991148177775962,31.444698278461747,12.289001213323925,52,17.477871877740764
2026-01-01 04:35:00,27.553070314051986,62.04557465838491,58.17366474211867,602.5398432268562,17.357224967634554,1.8076195296805686,31.49547383150707,12.44461092134905,53,17.423729559434864
2026-01-01 04:36:00,37.94033126383713,72.05157413235918,40.14617790890432,704.292088198249,17.641042346247147,2.112876264594747,37.454147474674684,13.156956958912389,72,17.7266166042423
2026-01-01 04:37:00,32.74873757722178,55.43862416466419,33.80844093662614,760.51032069686,17.51854658921621,2.28153096209058,40.23967813883879,12.676533246740021,41,17.637138749134895
2026-01-01 04:38:00,34.56884070401962,64.3872821963432,12.68240225504188,943.1896203675275,17.877286960644565,2.8295688611025827,50.53325756948889,13.670199999461047,41,17.85899550428254
2026-01-01 04:39:00,37.85274343026354,24.965255129364138,39.17424505622782,740.4512408765227,17.31022182181343,2.2213537226295683,38.8639051849079,11.596324905829183,78,17.49559504593534
2026-01-01 04:40:00,41.15018696361482,37.807410658929285,16.266081510548513,886.3131025241235,17.0839057261477,2.6589393075723704,45.30218449289796,12.657057142053665,70,17.037690316541735
2026-01-01 04:41:00,21.829830489803754,45.32971652435971,73.43656764922184,481.1903601162274,18.019833088058505,1.4435710803486823,26.028672717971027,12.843717014312952,43,18.03075239750856
2026-01-01 04:42:00,23.14540334239804,53.07453485045595,20.883093549458998,855.3505265628203,17.787428157007422,2.5660515796884606,45.35230372147359,13.61645306797083,73,17.673964187025316
2026-01-01 04:43:00,13.289367894430415,23.195412185166862,5.856530528453385,948.7690151419802,18.587740114937247,2.8463070454259407,53.097663945164285,11.613064604329283,58,18.654931845983747
2026-01-01 04:44:00,30.23980493486609,29.801686828732237,55.236613781723435,571.2487134135557,17.282744660199498,1.7137461402406673,29.65308054686935,12.819049045350997,76,17.303076488741247
2026-01-01 04:45:00,11.257979582885973,39.37700154539141,59.52297327194016,624.1827453071136,18.651940145139807,1.8725482359213408,34.71651962808163,13.463348835614301,48,18.53971981181047
2026-01-01 04:46:00,26.295930634636104,88.00728836307354,87.19130612805056,392.7673570876342,17.506411721805758,1.1783020712629027,20.464866032441257,12.056433774674245,63,17.368098157127942
2026-01-01 04:47:00,28.992562214765183,43.19429049721356,57.69816124176819,604.0758166100735,17.40510742946199,1.8122274498302204,31.665272529643165,13.515472401605056,52,17.47312266603717
2026-01-01 04:48:00,20.028943824489954,53.742874067845776,34.54808537234457,757.0052473960498,18.19983933420275,2.2710157421881494,41.290838829185546,11.543799841330872,69,18.181661210944032
2026-01-01 04:49:00,30.679164119915377,33.726839891687504,80.30118815263205,423.18934691708387,16.984663107443748,1.2695680407512517,21.525806971671596,13.184645647007578,58,16.955221209675344
2026-01-01 04:50:00,11.06750874786673,62.75460497530378,54.027889318742105,618.0862851498298,18.16167285199669,1.8542588554494892,33.60715770196726,13.646160408687903,49,18.124307511434576
2026-01-01 04:51:00,11.307186606222505,39.6478250861182,7.928028463119174,912.5159055142797,18.972459286495944,2.737547716542839,52.00989393660687,13.011554621772143,53,18.998716852427506
2026-01-01 04:52:00,38.79101962308804,34.48948049068987,56.58505603132467,649.4463377417934,17.351498087777887,1.9483390132253802,33.55694373577688,12.50976726115503,79,17.223359747965524
2026-01-01 04:53:00,22.606672449394203,56.160083991218535,90.80185454216624,339.6967782363884,17.55714007155413,1.019090334709165,18.08488960761829,11.603226337887252,59,17.746110419916285
2026-01-01 04:54:00,14.447117942815968,20.385405941229457,39.631262549822054,701.941836474302,18.180440414727506,2.105825509422906,38.37351787699968,13.616261770642048,43,18.222553438207616
2026-01-01 04:55:00,28.27851410191815,20.53648228544577,29.632580189980008,783.766754582412,17.99508054211519,2.3513002637472358,42.20651565981725,12.581681312190621,77,17.950287468837896
2026-01-01 04:56:00,36.94977435845138,35.33481663713005,14.346945701802005,925.3328945844335,17.57949175947607,2.7759986837533006,48.67372043774249,11.566692511972681,78,17.533769278281135
2026-01-01 04:57:00,17.55373596238951,22.57049537505748,15.144552193535732,894.278314630503,18.88710157392645,2.682834943891509,50.30805317155839,13.086588464056153,44,18.751825670864974
2026-01-01 04:58:00,31.80116665366501,27.561802789148395,43.27714843418189,672.3372450401175,17.792662629532682,2.0170117351203523,35.646325854864145,12.608225683225394,71,17.672840090212553
2026-01-01 04:59:00,12.98716127478188,43.72024545371261,59.56798241615295,608.1108903020762,18.326495989028192,1.8243326709062286,33.48571766761125,11.785994230117545,45,18.355050151558913
2026-01-01 05:00:00,11.80886024090127,76.1809975705869,8.061540516960175,958.1892289169883,18.958921924350282,2.874567686750965,54.12504755201275,11.992825161413597,53,18.82893479999722
2026-01-01 05:01:00,28.59741210488518,60.04340503585106,93.95685890251657,353.07068682671314,17.270517686339716,1.0592120604801396,18.36877278677612,11.648328565048446,45,17.341921860717463
2026-01-01 05:02:00,28.922229256353727,55.88674081694915,75.51336174451959,485.72115261177976,17.55493990903048,1.4571634578353394,25.444771432178026,12.820875141329719,53,17.461851170751295
2026-01-01 05:03:00,32.31004655243723,40.54421762456852,58.66239182836627,637.2504952130852,17.43453758262263,1.9117514856392557,32.984376221221794,12.930667802279622,51,17.25348533478053
2026-01-01 05:04:00,35.413196680293154,85.22276036029714,82.84386709389908,463.79482824342875,16.830967084340095,1.3913844847302863,23.249301026147702,12.663207286217522,66,16.7094726736546
2026-01-01 05:05:00,44.15482278118871,47.79105288660342,8.01867568121133,930.1349633714548,17.1903317642138,2.790404890114364,47.93847159800897,13.379334905906015,65,17.179754725861386
2026-01-01 05:06:00,28.070512190541837,26.096493675704004,47.68388777331244,698.690485443036,17.964415004529894,2.096071456329108,37.724240721978205,13.480320289008432,51,17.997592881707106
2026-01-01 05:07:00,21.303476552943607,63.19465612824609,63.00931268616634,566.5981749920137,17.911161736961525,1.699794524976041,30.705123768078312,12.915936112371192,47,18.06402086658745
2026-01-01 05:08:00,37.831516816904625,27.968687543362098,82.86529061182893,429.9248820399526,16.611899952072005,1.2897746461198578,21.38555476690245,11.52933990332709,49,16.580845988280583
2026-01-01 05:09:00,19.479128794172595,44.165619996118444,78.34695600492677,417.72589133264603,17.357559191313264,1.2531776739979381,21.891862186826593,13.099028208219792,55,17.469080914110357
2026-01-01 05:10:00,25.363999724697265,55.51883571024662,27.706924971339962,802.6438098928563,18.161389032178928,2.4079314296785688,43.92236084565164,12.46139819891681,65,18.240702498540323
2026-01-01 05:11:00,12.745973346979309,81.1955767279623,94.08801695592042,325.1274095018257,17.554190685878538,0.975382228505477,17.238188860072903,12.80078221142069,47,17.673265265952207
2026-01-01 05:12:00,10.887276019541012,54.548260623808304,12.434584143087035,929.519087296257,18.955734661430068,2.788557261888771,52.98753458282226,12.992885384643435,68,19.001773894695734
2026-01-01 05:13:00,43.692694513727375,69.15811362221649,87.51336186211522,408.8280769732496,16.352596205257544,1.2264842309197488,20.059631784928133,12.305544212952277,59,16.35539314670624
2026-01-01 05:14:00,39.25930421792721,89.49717872993493,97.09402496046185,278.85209825644085,16.856083379509208,0.8365562947693226,14.0781732562635,13.609326561895127,56,16.82872192139264
2026-01-01 05:15:00,34.359097213279426,29.204238392858713,17.715352322262557,875.5518364640767,17.43123727066317,2.62665550939223,45.94358781874427,11.808142193524496,58,17.491287934204568
2026-01-01 05:16:00,24.313353054499444,39.231206786366364,72.20660642037853,516.9909851532353,17.945419501685567,1.5509729554597063,27.66701731046025,13.044477156746387,56,17.838491131046048
2026-01-01 05:17:00,16.065301202479603,47.62032529183524,4.028551877799846,968.0665576091321,18.714985981302796,2.9041996728273967,54.412523128082434,11.510027033900135,78,18.735806507101792
2026-01-01 05:18:00,15.475296493488012,49.527972497718196,40.542282513915495,730.7852953026389,18.344079845799865,2.192355885907917,40.38944821280726,13.626697542431916,40,18.422852089126415
2026-01-01 05:19:00,18.758501435760834,48.771475268588205,51.6283299197674,645.6249999141698,17.70907993853728,1.9368749997425097,34.256444217888586,11.75875950644761,68,17.686450711812935
2026-01-01 05:20:00,29.222933264714218,83.53277017895884,58.064522590963406,600.3815465023087,17.24519826923099,1.801144639506926,30.707432153806906,11.718233729339422,53,17.048842985876608
2026-01-01 05:21:00,35.01085729450218,69.98228511267996,93.59372482485595,339.4176266646424,16.797986443871903,1.0182528799939272,17.070470253358035,12.265917556020161,56,16.764470387218392
2026-01-01 05:22:00,33.106908185120595,62.553364986349266,67.22506872941946,505.09290281134963,17.165389594906955,1.515278708434049,26.06533211577735,12.359202457889886,52,17.201675157644317
2026-01-01 05:23:00,19.797686393108002,41.65609025039475,48.1277951219237,640.6748311980335,17.643342225982238,1.9220244935941004,34.20451772114878,11.99289016634262,68,17.79608836159411
2026-01-01 05:24:00,43.420284823211794,77.66532689549064,80.96750362658894,447.4145249029838,16.31042763200141,1.3422435747089514,21.922017167612903,12.845779820132387,73,16.332368864098616
2026-01-01 05:25:00,35.826392084351895,86.85423580394922,95.05328209544089,335.0161904422914,16.89699201991988,1.0050485713268742,16.95868627169364,12.518702425496517,66,16.87349920741107
2026-01-01 05:26:00,29.402391837899025,77.48387977851586,2.2066148682290843,981.7834510302519,18.126368391616296,2.9453503530907557,53.50266169399126,11.578603854794501,72,18.165126480741854
2026-01-01 05:27:00,31.410226118202328,20.109557363403102,98.25212722560387,303.7573085743259,16.741037981049686,0.9112719257229778,15.407399746228593,12.235199743187192,68,16.907576444873786
2026-01-01 05:28:00,24.686002184972647,64.54809591283849,8.613213906368033,933.6037257458088,18.287089284656954,2.800811177237426,51.456911372595215,13.363995701218293,76,18.372145823607298
2026-01-01 05:29:00,18.67058463254051,23.57947670094705,81.43867792687614,450.8674904016298,17.703385390920168,1.3526024712048894,23.74890159678522,13.086313530182299,78,17.55793154483139
2026-01-01 05:30:00,22.459043752794155,38.03250542336053,28.033475255141248,797.0607915766507,18.19485211668092,2.391182374729952,43.164313899678845,13.167202963233725,58,18.051452016307874
2026-01-01 05:31:00,36.52461386625292,24.16672902434402,13.217965775387174,880.6529453062584,17.785660328883015,2.641958835918775,47.223228877277684,13.105668925392104,63,17.874324245803475
2026-01-01 05:32:00,10.503772102041456,62.265681706457144,43.98556397138349,706.974087711119,18.666212631172513,2.1209222631333566,39.44689945307032,12.215237949180977,53,18.598936952452572
2026-01-01 05:33:00,14.062542417742069,68.06129394448247,64.39565794476135,545.1328611093762,18.071977395217342,1.6353985833281286,29.74762985633263,11.729227020776584,76,18.18983467369436
2026-01-01 05:34:00,11.610092470761346,28.01413466461336,38.0951845023475,733.9616257942231,19.172058760546307,2.2018848773826694,41.90545197470014,12.12667452327612,44,19.031627132346813
2026-01-01 05:35:00,11.425508081163954,46.86872181314857,5.456540828269896,993.955780330101,18.714313418056623,2.981867340990303,55.73047391379206,13.413106190425868,63,18.6897898332672
2026-01-01 05:36:00,39.94112044038525,51.93655562688794,59.94611396587166,579.9659910918883,17.177143187808642,1.739897973275665,29.721248687256015,13.755082834901064,73,17.08217903794699
2026-01-01 05:37:00,34.62802507830083,45.83371152326416,90.24032761106747,374.10138018490227,17.041038737605675,1.1223041405547067,19.317713971066084,12.635848133905592,70,17.21254807232393
2026-01-01 05:38:00,26.59608401805638,28.471750033963513,38.32153659472517,708.1707740109573,17.785244085006394,2.1245123220328717,37.641005371667724,11.522310816322998,69,17.717480374813906
2026-01-01 05:39:00,13.424195622785051,49.326345313123284,21.633277763082702,844.1736666114018,18.816209469780368,2.5325209998342055,47.65438909224153,11.822103067908728,48,18.816976876148818
2026-01-01 05:40:00,27.20655562908913,72.58246334658926,44.25773459328154,702.3863787512013,17.632040794309244,2.1071591362536037,36.974000838029276,12.240785323227412,66,17.54684788723016
2026-01-01 05:41:00,26.571511977319798,24.970536517327883,4.836271104878087,935.0386275890286,18.078122643213867,2.805115882767086,50.45459793798287,12.830746301763785,67,17.986635863404082
2026-01-01 05:42:00,16.062065446850532,25.61260098573324,82.04875844802748,429.6755927261218,17.974981868903658,1.2890267781783655,23.16175314365471,11.672715385352221,65,17.968403399956184
2026-01-01 05:43:00,25.184807723329058,44.833990428518895,82.63408109501867,423.5772537877655,17.525755865227723,1.2707317613632965,22.34688395040071,13.669721787032728,57,17.585838829137312
2026-01-01 05:44:00,23.947665703908072,85.92079981332475,58.800046342962844,589.2254247110088,18.038611772570306,1.7676762741330263,31.748601004442143,12.339692448554121,75,17.960642154352357
2026-01-01 05:45:00,31.554753431827578,66.80008527060399,35.31028889383895,773.5711557162922,17.940529329430447,2.3207134671488765,41.64878815827655,13.598943701227093,47,17.94654477937096
2026-01-01 05:46:00,32.228277780367534,67.50689696707954,79.97833644457833,446.8404151849221,17.00807892669521,1.3405212455547664,22.916689824607666,13.29520014634115,57,17.09535742204797
2026-01-01 05:47:00,11.585640342021557,45.33439935865054,55.46870247883672,641.2805206152718,18.579345891710577,1.9238415618458156,35.92074052899246,13.237505726785837,59,18.671361114856346
2026-01-01 05:48:00,23.111441511926493,61.55625538459769,82.59323085500162,401.97559370310796,17.281213904637266,1.205926781109324,21.018013870654194,12.895455033499134,71,17.428930346268505
2026-01-01 05:49:00,31.905097049998272,20.709182881942038,63.14587925830206,560.6973365362526,17.425180298665815,1.6820920096087577,29.396592214585215,12.941602779219243,68,17.476209414622122
2026-01-01 05:50:00,27.60976905030307,64.52672324866796,78.44054732127972,452.6055044788409,17.50018676838098,1.3578165134365228,23.612317235391544,12.967407440997372,57,17.389917563773544
2026-01-01 05:51:00,39.97714444159128,83.93008633033656,59.856299321776,559.6208148724664,16.997492561616067,1.6788624446173992,28.506596737134878,12.94605919015884,46,16.979709581645523
2026-01-01 05:52:00,33.05427710666308,62.88014278413734,41.41410682156662,729.2271522908607,17.522851677315238,2.187681456872582,38.450313984660944,12.773574932216231,40,17.575828447907544
2026-01-01 05:53:00,15.70270494785004,81.15890154264414,95.79458599261376,375.93136416876,17.588306390719083,1.12779409250628,19.745216867403624,13.768752242510645,67,17.507820796901076
2026-01-01 05:54:00,12.469906159015045,70.67811388262658,54.11138248788448,620.8802010951321,18.04975295974745,1.8626406032853962,33.77526321778714,13.184268305079101,72,18.13300062191979
2026-01-01 05:55:00,32.48467473722104,28.43908914825832,60.50895185405384,586.5377587870985,17.335616216716378,1.7596132763612955,30.487202487976248,13.2869766933028,43,17.3260811892831
2026-01-01 05:56:00,10.927895868956764,83.17173151000893,22.048763941474924,847.3490219259821,18.41920988624035,2.5420470657779464,46.86816133145657,13.506664474692451,59,18.4371729235129
2026-01-01 05:57:00,30.502145344571215,24.65106910490424,62.565078942727645,547.772754002763,17.59070714697437,1.6433182620082891,28.779094337710784,11.995971454269453,75,17.512794084415535
2026-01-01 05:58:00,42.908058449873515,57.377723078343465,57.160764948294386,563.459439805899,16.766374593380853,1.6903783194176971,28.608127372183983,11.69274956591864,70,16.924097430472802
2026-01-01 05:59:00,30.141596225655764,29.949598665542037,18.483839794702494,856.4976517751752,17.808081002374067,2.5694929553255257,45.976196395316926,12.610657204176777,77,17.89310077695553
2026-01-01 06:00:00,23.58594741722827,20.819462751163286,5.958709735314372,930.4498642337649,17.878326057028197,2.7913495927012946,50.36194979279242,12.682385599924329,67,18.04215062293765
2026-01-01 06:01:00,32.51508764548236,49.54239820893473,60.43593197147711,611.0305177608426,17.590859509959923,1.8330915532825278,32.29324243848801,13.407118093884812,42,17.61681918214085
2026-01-01 06:02:00,26.03885116720308,40.652849535790935,76.36922693503206,463.11321757631083,17.971312146311227,1.3893396527289326,24.79994814971899,12.520702232349372,45,17.850169395947983
2026-01-01 06:03:00,29.096587626057723,54.02003456583221,52.34013709220082,626.7006537736509,17.514092243881436,1.8801019613209524,33.023308407498945,12.81296195875192,62,17.564636964846787
2026-01-01 06:04:00,42.95126830717838,60.40399207141856,22.67726253196457,859.0422387720041,17.242038624669767,2.5771267163160125,44.566528105460804,12.712263158580955,46,17.293107018489334
2026-01-01 06:05:00,23.513592323027098,23.061735061626315,66.65219766930349,510.99959425775785,17.7683399486129,1.5329987827732736,27.105208265006507,11.587866402642,75,17.681167506194488
2026-01-01 06:06:00,43.641669733837,28.610230658662196,8.010572660960225,928.5887106131875,17.473728372873218,2.7857661318395626,48.380047781100544,12.914994262172902,40,17.366873417027687
2026-01-01 06:07:00,41.68727246846223,59.10496775152978,44.183370480195464,692.0778520236041,16.970984296560136,2.0762335560708127,35.25411649826502,13.404499557280781,45,16.979841403287015
2026-01-01 06:08:00,16.852689717625374,44.021714722086074,16.33667583984202,906.2186489495755,18.628252124979323,2.7186559468487266,50.45765800798663,11.862251260574348,63,18.559780639574335
2026-01-01 06:09:00,12.427645530630791,71.04214412846136,18.445905105988338,880.9123651614574,18.82343433722232,2.6427370954843723,50.029998958924565,12.86696298803117,76,18.931129791310116
2026-01-01 06:10:00,13.527230048209933,65.66041540143578,20.229394915820365,863.3607384395751,19.275601871020697,2.5900822153187253,49.568486914148465,12.865304252226753,75,19.137804437628155
2026-01-01 06:11:00,10.637763897804241,79.19230540929348,38.67070570439779,730.8674147739357,18.549269309784048,2.192602244321807,40.20004369491465,11.877625417329625,63,18.334398680390343
2026-01-01 06:12:00,13.305503626457494,68.47449786684578,5.115020562039763,972.1995731762571,18.87438326067979,2.9165987195287713,54.896984319076026,11.783966219580693,77,18.822261681560917
2026-01-01 06:13:00,33.90523706957249,50.09517541731037,39.77934409290982,725.5776494522164,16.998579361519006,2.176732948356649,37.4550711030216,13.754119468845916,68,17.207012523653287
2026-01-01 06:14:00,12.491602696108014,67.10766356761027,51.170744711470086,621.2053415241708,18.619809830956292,1.8636160245725122,34.80420866170353,12.405554090201987,76,18.67563285719607
2026-01-01 06:15:00,21.164147060281646,39.276682197879296,48.329428496632524,662.6155849562354,17.929450962723223,1.9878467548687062,35.51918063012879,12.023069976064118,71,17.868168430556292
2026-01-01 06:16:00,39.570635883930905,41.44194491447489,38.27841004030405,710.5773565395167,16.806545782138937,2.13173206961855,35.91690150548379,11.894046452245062,64,16.848694081855573
2026-01-01 06:17:00,10.814517750753906,75.22896119445554,83.91466080707525,414.21902520848977,18.385459905469762,1.2426570756254693,22.688731186656433,13.035483941241441,49,18.25824005004475
2026-01-01 06:18:00,38.50639689061275,51.24936614811075,14.53266924205041,888.6583564758823,17.865345639575395,2.665975069427647,47.471764821427044,12.901724183852743,74,17.806529913131808
2026-01-01 06:19:00,19.864917117068998,75.88662383628468,50.5696743781374,696.7999118086955,18.164026035495166,2.0903997354260864,38.117756838860224,12.98016988287106,64,18.234673585571745
2026-01-01 06:20:00,14.135768966757968,77.56956615677949,6.20414169565543,955.7731204553778,18.821057288878677,2.867319361366133,53.9567306141215,11.702413863276341,66,18.817830807801553
2026-01-01 06:21:00,34.38580078774527,80.02936363628987,7.1155678877909745,922.1062334602314,17.706314173294373,2.766318700380694,49.2285707677275,13.555129542046405,71,17.795697495358283
2026-01-01 06:22:00,32.01299963729594,84.16446650888452,57.38658496770963,595.6103010124941,17.60747511437781,1.7868309030374823,31.494205489151167,12.395312712660811,51,17.625733602219054
2026-01-01 06:23:00,40.71152047344685,50.16896543593074,56.6018424887821,614.1742774912831,16.705386214518498,1.8425228324738492,30.88224059636748,12.220749634789824,43,16.760845538561753
2026-01-01 06:24:00,35.727486533136,42.32067728247972,87.8033512844457,418.8438199319306,16.986998162447133,1.256531459795792,21.197085082632217,12.5634313286698,65,16.86952198242383
2026-01-01 06:25:00,38.121832563469695,60.75391226158797,55.78736756600732,597.6993790391745,17.16152061636647,1.7930981371175234,30.392868919588505,12.397151951219545,42,16.94991941068337
2026-01-01 06:26:00,19.871210039995727,45.98206964063393,95.97910204048502,296.4977262361321,17.12449419257249,0.8894931787083964,15.359423999110804,13.486227107220037,56,17.26761302589607
2026-01-01 06:27:00,16.2103840322903,62.07519167601631,4.869484839992976,982.2503463486688,18.454859637404155,2.9467510390460063,54.948600770938775,13.637300242955153,48,18.64718126602513
2026-01-01 06:28:00,36.27151630743004,69.39101038506772,9.800768478074106,903.7826465354883,17.789125131443082,2.711347939606465,48.29898254662329,12.197942397834094,68,17.81364237362822
2026-01-01 06:29:00,38.239215874354244,68.18835129444957,4.40658615703814,960.4307880705833,17.54016424818384,2.88129236421175,50.97584127118546,13.487052357157896,40,17.692005818066708
2026-01-01 06:30:00,44.66767997002356,46.218702091408495,18.527685033354004,865.1537950563021,17.247829954472003,2.5954613851689063,44.75408258150421,13.297503197926055,57,17.243208794104913
2026-01-01 06:31:00,24.441618691899926,31.680214118912698,54.12701109416781,619.7182532748232,17.861685179028495,1.8591547598244693,33.06839820499833,13.640857646392952,59,17.786791567647903
2026-01-01 06:32:00,23.02063300274741,50.13705369235453,64.5572181427428,561.8827621422872,17.99587143934846,1.6856482864268618,30.082850081615195,12.065225718027541,73,17.84645724962178
2026-01-01 06:33:00,37.17445362596989,29.98159008573361,4.55851579486688,954.4177037902041,17.48292526178872,2.863253111370612,50.000375791990955,12.827006045278253,67,17.46278580591719
2026-01-01 06:34:00,21.928123908855625,82.30679246286658,94.59708898455993,332.34579206474535,17.37089499298393,0.997037376194236,17.338689863808515,12.131452544903023,74,17.39021051546889
2026-01-01 06:35:00,42.57650639612476,44.21142225165002,84.2165376650381,410.19882928574555,16.377035279858806,1.2305964878572366,20.396981449904757,13.39541732811406,55,16.574873771516113
2026-01-01 06:36:00,40.044446314505414,30.812182305632664,29.661248215709314,795.3632216404106,17.298944203430306,2.386089664921232,41.27058396646944,11.512245638313448,60,17.296325688511725
2026-01-01 06:37:00,25.014790958125644,21.781343193402563,7.718753022646796,947.925272335631,18.29231465763649,2.8437758170068927,51.99896956170624,12.799084074638712,52,18.28518593158154
2026-01-01 06:38:00,36.28048737270241,65.2075670400539,16.98870732190573,889.7991642511115,17.606903002759548,2.6693974927533346,46.82925975893378,12.280167891925412,74,17.543007321338273
2026-01-01 06:39:00,36.40900059296388,64.58316222183203,12.694441375497266,928.0157005643539,17.475240030819364,2.7840471016930617,48.84913778375783,12.242172526278987,71,17.546088840972274
2026-01-01 06:40:00,13.60933540925764,43.84229166069042,12.328377929894685,921.5540368037566,19.339913281328023,2.76466211041127,53.58860281151808,12.98328454488931,77,19.38341854135161
2026-01-01 06:41:00,41.58935173378484,25.01983221933557,51.85616886657339,646.0785284041707,16.973207434973077,1.938235585212512,33.18454630228389,13.458414233422186,45,17.121007660503494
2026-01-01 06:42:00,27.683833035675,48.674022642666245,24.58474424934003,796.2623269196903,17.7137020530979,2.388786980759071,42.86160188810465,12.90114940020465,77,17.94283133378631
2026-01-01 06:43:00,38.92601131377096,41.78522465443755,35.81397165291445,750.3067524129125,17.071668154209867,2.2509202572387372,38.6764775288449,13.462297850887463,77,17.182517863289544
2026-01-01 06:44:00,21.20173603607141,67.39844478145065,98.95053333843225,316.9364175910065,17.218041477768864,0.9508092527730194,16.520381183098277,12.10857335732637,52,17.375074059194166
2026-01-01 06:45:00,41.343312997367015,62.404547461688324,68.43142489253448,535.5588496436677,16.79368373539382,1.606676548931003,26.927919052942357,12.694854265959457,78,16.76001250585176
2026-01-01 06:46:00,23.62205875569571,45.5215609738278,94.89806670470014,321.8665175824232,17.358449201639502,0.9655995527472697,16.811341786827366,12.536234039854275,52,17.410262607306187
2026-01-01 06:47:00,10.379317801810442,35.25247879784931,14.255655503311559,887.0296259790462,18.431667727057953,2.6610888779371384,49.191535674360296,11.526783268857121,51,18.48549144006543
2026-01-01 06:48:00,41.68836917467423,89.16251763089143,38.21394748325693,721.0203541115295,16.634792848741125,2.1630610623345885,36.195007244057365,12.780667929223704,72,16.733234153358644
2026-01-01 06:49:00,13.195033687514675,51.780113483728044,55.47318032823543,622.416015700179,17.8732393181355,1.8672480471005368,33.9773713612474,13.021505945536203,67,18.196495861386744
2026-01-01 06:50:00,21.175977315664518,68.17919650461658,7.675806188873802,966.9469777763677,18.633880563111795,2.9008409333291034,53.61638652822554,12.861403130163861,42,18.48304948823704
2026-01-01 06:51:00,43.252168846778176,29.838707730485254,0.41874436279578653,988.9195873145974,17.22288925692494,2.966758761943792,51.39291374274588,13.19344376720187,57,17.32291630920262
2026-01-01 06:52:00,43.271250142814466,53.991278976157844,67.04343337969175,548.8552126146988,16.964102550016232,1.646565637844096,28.000416007257346,12.814080915442078,65,17.005344557001223
2026-01-01 06:53:00,30.070326084315013,21.927570390862584,64.18195168014353,553.1959344222872,16.934309023489597,1.6595878032668616,28.345424841393555,11.653525586156741,79,17.079798240018526
2026-01-01 06:54:00,32.114302425942974,55.381858253731494,41.07888099996118,709.962117457023,17.456151995311775,2.129886352371069,36.97260978233461,11.767824705394837,41,17.358958960967712
2026-01-01 06:55:00,25.695593269241193,87.48121849823916,48.96440760320326,653.0214621812178,18.06311377171172,1.9590643865436534,35.358704247991675,12.87189152835109,43,18.048770878007986
2026-01-01 06:56:00,20.262377009432257,46.89446990900602,41.54430005920896,724.1221268775806,18.0666516762532,2.1723663806327416,39.42690352847797,12.132452141539373,67,18.149288204779786
2026-01-01 06:57:00,21.503259087947058,22.72972088024381,2.4005044844888856,989.7080249443192,18.597144638444956,2.9691240748329575,55.33368770734797,11.68318379677996,67,18.63636759957936
2026-01-01 06:58:00,33.53814596269635,22.166905364354047,33.537160621746246,810.7563842007289,18.167294659032656,2.4322691526021867,43.779571859689526,12.488086309931658,64,17.99947666682017
2026-01-01 06:59:00,36.333108530318796,47.159073196280865,17.708225539728982,858.9979283619507,17.375783639258497,2.576993785085852,44.79609062661151,12.774941975592407,65,17.383080582446624
2026-01-01 07:00:00,37.7052665304047,31.20174555242358,9.842418910136875,941.4651016696414,17.53889810466423,2.824395305008924,49.58811019688407,12.256115773204096,41,17.55707145842582
2026-01-01 07:01:00,37.63663499780939,21.634646742973015,95.67204338893498,319.7116760812249,16.499112235431266,0.9591350282436746,15.91516767575555,13.15699751511929,73,16.59325038404519
2026-01-01 07:02:00,13.192213606704163,72.93495297651238,59.935972504216565,563.0624527307111,17.65460628281697,1.6891873581921333,30.14196799963853,12.980672398632864,69,17.8440643978642
2026-01-01 07:03:00,27.304710664590353,52.096610621732346,72.86562842366027,489.7232582936787,17.34126612610187,1.4691697748810362,25.500776448840707,12.265482230510846,60,17.357269993459806
2026-01-01 07:04:00,12.01455660058255,40.24713403808582,31.53637432661175,781.9924293018585,18.831021762632254,2.3459772879055754,44.100791295084385,13.23620681648969,76,18.79847325139979
2026-01-01 07:05:00,29.233510881330744,83.00582281115365,39.31471294940152,783.1604804553913,17.981141531411765,2.3494814413661738,41.98801299341524,12.991998597825981,62,17.871183084979
2026-01-01 07:06:00,25.453567548068193,28.12972721403679,23.692399389672346,830.4702879586296,17.92199403496217,2.4914108638758887,45.2112435103676,12.966124371051176,72,18.146843688412137
2026-01-01 07:07:00,41.06964639654049,86.91431802687235,9.696567096542474,909.520455734509,17.173186934944535,2.728561367203527,47.16508385968377,12.772883711810257,41,17.285696567646838
2026-01-01 07:08:00,22.28202543932275,41.977670216414694,17.90316374415838,880.1380681407791,18.066812273988255,2.6404142044223375,47.85720745933012,11.526196236603672,66,18.1248863830439
2026-01-01 07:09:00,14.097345574966205,82.18825706160769,79.75140452964858,400.2473675415326,18.19900682208639,1.2007421026245977,21.85273167737488,13.101966521996845,61,18.19935490694371
2026-01-01 07:10:00,15.004708871849255,62.20600135356231,67.75458051837758,523.8788007192716,17.97161595906207,1.5716364021578149,28.26763986977682,12.36489611955106,73,17.98611932821491
2026-01-01 07:11:00,36.65287211011153,77.86951518190412,54.69288759854769,617.4702924560694,17.190209372368443,1.8524108773682082,31.865872570114195,13.668002333364909,55,17.20237824093717
2026-01-01 07:12:00,31.637632216069136,88.8809214247325,47.508987286676806,683.3290966521666,17.566588576167298,2.0499872899565,35.927624135723036,13.381364973477574,59,17.525778970310302
2026-01-01 07:13:00,13.53929366429766,40.1883806473122,92.24342836561244,373.76844642926983,18.13570207860253,1.1213053392878094,20.436946311275893,12.851697279922018,65,18.226031389680443
2026-01-01 07:14:00,12.943738214024911,87.2794839785315,7.273494777866841,939.0141441767778,19.099030921321763,2.817042432530333,53.539628917496564,12.08001855818432,55,19.005616777098393
2026-01-01 07:15:00,34.5339196010692,47.263732643169426,28.060081323791596,800.5671504408601,17.308448265644355,2.4017014513225803,41.46562298390895,11.968550004538633,45,17.265103021474406
2026-01-01 07:16:00,12.546705222746773,46.98583333158456,34.9937853570714,739.7210858882869,18.262752507927274,2.2191632576648606,40.59900535033587,12.282885126658364,62,18.294735734340083
2026-01-01 07:17:00,38.76510207516247,43.8270972978154,78.24258122127878,429.7406803548947,17.03222867957694,1.2892220410646842,21.75193203527865,12.596106270234042,76,16.872137880388046
2026-01-01 07:18:00,34.718477950477364,57.89853251433097,99.25146201619714,311.43766147423275,16.924006668768822,0.9343129844226983,15.666901207967207,12.180950673089578,47,16.768365065211647
2026-01-01 07:19:00,12.847207322466492,30.790153022494096,24.067051475715306,806.0589286980609,18.618983205652395,2.4181767860941825,44.79840237940759,12.68433783940271,45,18.525693670133013
2026-01-01 07:20:00,12.969319992981717,58.759803975060784,87.43073341370805,379.69232809260643,17.87234239223194,1.1390769842778194,20.701810728433163,11.880351978680327,76,18.174198069288718
2026-01-01 07:21:00,44.53238524754114,57.91933686870028,83.06227604317912,398.66058849976145,16.616758006062167,1.1959817654992844,19.684500623003068,13.74873946949865,61,16.458863496790368
2026-01-01 07:22:00,23.09947785146421,73.3331268823409,22.46573976417666,853.7334853765685,18.265593665116725,2.561200456129706,46.57829323755002,11.748226476419486,45,18.186117812869533
2026-01-01 07:23:00,22.972475147341182,78.35549733563099,39.933258019922256,756.4957958458739,18.392726528324058,2.269487387537622,41.28670896870647,13.643471521205056,71,18.192085664552764
2026-01-01 07:24:00,38.44798485401259,50.83089452186968,40.96728692925191,687.1972318391701,17.20712126524277,2.06159169551751,35.21894363160576,13.6012294262262,56,17.083374806069415
2026-01-01 07:25:00,43.153700208435055,41.16332745460456,97.82206685265584,278.18516237345784,16.781130797982673,0.8345554871203735,13.87306333333497,12.708329108184845,77,16.623296530232945
2026-01-01 07:26:00,44.51003723380048,38.153442812196616,18.089190137889833,870.8779313277699,17.061070995673067,2.61263379398331,44.34477030936107,13.167293625222994,56,16.973205510655028
2026-01-01 07:27:00,36.36823648406296,33.623668569341035,79.91579711047821,440.9033761458077,17.15919837314853,1.3227101284374232,22.518252468630205,12.502911085336953,76,17.024329053283978
2026-01-01 07:28:00,23.169085493582052,24.035330753931742,33.419271417310995,770.438286213969,18.533382096447266,2.311314858641907,42.375576637213456,12.949079528347609,62,18.333969722373823
2026-01-01 07:29:00,12.922525084453406,43.97135851842994,73.08703457761604,479.46434765200087,17.86926664323873,1.4383930429560026,25.671879739450112,12.283324656068574,52,17.84761116940091
2026-01-01 07:30:00,37.20014205746028,38.917338449154826,42.001100429566286,701.9795110165273,17.01707207407348,2.105938533049582,36.16800988903447,12.192665745506524,71,17.17429512848129
2026-01-01 07:31:00,29.544148740753176,87.64921701064851,57.835976311654,602.4983740292341,17.674235512581788,1.8074951220877025,32.00166788332183,12.829928508189882,61,17.704981602583302
2026-01-01 07:32:00,24.84777032364417,59.03961783750307,83.26117733261312,437.980376524605,17.735025518089248,1.313941129573815,23.251542906125998,12.645698250623155,46,17.696030958150903
2026-01-01 07:33:00,41.722403478315755,44.30939273213553,80.41655649838842,397.98312910491546,16.534044158101093,1.1939493873147464,19.731870693851974,12.832933649044957,61,16.526555399663938
2026-01-01 07:34:00,13.891911880715297,60.63273206955872,86.64231835397001,386.1249827415807,17.663001464725294,1.158374948224742,20.60477702249559,12.159319336960152,60,17.787657661341235
2026-01-01 07:35:00,27.24187865018007,29.743769094198683,5.961732534465902,962.54404813756,18.15980254164399,2.88763214441268,52.90982188586066,12.344003013179089,45,18.32290930416349
2026-01-01 07:36:00,10.397377566859667,51.08306244415421,69.20505530397449,497.2050907799639,18.4385323114798,1.4916152723398917,27.613749350918226,11.69296530944649,53,18.512648578343285
2026-01-01 07:37:00,26.40312246979442,63.83640249947447,13.998737672176286,936.6322289301121,17.98263350580138,2.8098966867903363,50.30237583750126,11.620235656226074,55,17.901859550202968
2026-01-01 07:38:00,11.970614648864307,54.222848225471594,41.5818568018411,696.2188047825375,18.41304872201961,2.0886564143476125,38.12845364102356,12.082951398247937,42,18.255014744937313
2026-01-01 07:39:00,14.158627069382518,48.12451604580269,54.858841505468845,615.1622557215724,18.401520127887725,1.845486767164717,33.790610551488136,11.670767776460256,48,18.309863366509955
2026-01-01 07:40:00,14.11341863719867,89.56938722297888,40.273948474683074,729.2028026140644,18.66974812745835,2.187608407842193,40.61077429352667,11.738681829859903,60,18.56400539874694
2026-01-01 07:41:00,32.72236057406222,81.62203335042489,51.961167580300746,624.4461311618568,17.282655793677307,1.8733383934855703,32.391402131291414,13.369735332406055,69,17.290737350993663
2026-01-01 07:42:00,36.11157077428982,63.63841707116081,99.65263087986192,265.50012288487824,16.6043221638387,0.7965003686546347,13.364105656736802,11.589409503138386,69,16.778530409609296
2026-01-01 07:43:00,30.417906778400585,59.85641528275979,13.521731371285473,896.774789862671,17.686717466418234,2.690324369588013,47.70547612015161,13.015568426049908,71,17.732239524506504
2026-01-01 07:44:00,43.67603919660897,63.44623358772088,67.54560453364256,547.7695793830428,16.239037248242134,1.6433087381491285,26.728274791080665,12.126882822275421,62,16.26491368942937
2026-01-01 07:45:00,23.12047028332964,34.091847547570325,39.600096638561524,716.0614209943665,17.83358315417498,2.1481842629830994,38.4165987174089,13.504555065628692,42,17.88328840285855
2026-01-01 07:46:00,19.999923019865125,47.659642028502304,13.300979890732878,889.9644547356904,18.403066446950366,2.6698933642070712,49.119622041962586,12.61548225452825,40,18.3975969604129
2026-01-01 07:47:00,40.40096948663111,22.762167302362954,15.873676337430954,907.3977098280378,17.380022074420502,2.7221931294841135,47.19161369750981,12.202825856454,42,17.335880098431208
2026-01-01 07:48:00,17.82585434818084,53.28822262407787,94.92731062456168,328.8933277076071,17.50562814024482,0.9866799831228212,17.188287576817185,12.6905695520857,76,17.42032662142047
2026-01-01 07:49:00,43.7127888804214,58.011720877036424,87.9601496711762,374.0757360287623,16.03453237840968,1.122227208086287,18.02559987188198,12.378503443804119,46,16.06234436484631
2026-01-01 07:50:00,10.425406614143572,35.94248152722467,90.70419604150219,368.0597495027509,17.78762559210891,1.1041792485082527,19.850936222027492,12.79789244874061,42,17.978001532673368
2026-01-01 07:51:00,43.94575893476737,87.48201930158596,99.15327758273865,321.3420611132052,16.465968527332276,0.9640261833396155,15.920175470869163,11.7634255971506,75,16.51425629926139
2026-01-01 07:52:00,11.510596918270164,83.66182276560694,20.831539000851794,901.8134976286883,19.082800928111457,2.705440492886065,51.6155567607983,13.793078156468868,42,19.07842988841226
2026-01-01 07:53:00,41.19000897943249,70.55002648191342,35.543933736406174,767.7371859983052,17.501928799066864,2.3032115579949157,40.029006163268335,12.47877851870245,43,17.37964800685352
2026-01-01 07:54:00,28.469538818020496,57.33706401357538,66.92190299248666,554.7434783803603,17.238675585421394,1.6642304351410808,28.78362488000923,12.300930471326948,70,17.295456369639805
2026-01-01 07:55:00,44.753767864175515,80.89784117533794,48.38025398606472,651.2188981177899,16.60965305208178,1.9536566943533695,32.34942644700938,13.133482651127409,41,16.558398689241837
2026-01-01 07:56:00,12.58287976573896,29.145664067642404,41.83895333783335,686.6099645157769,18.57910667144624,2.059829893547331,38.21004614450707,12.336968634939264,53,18.550097881482696
2026-01-01 07:57:00,29.384899954046226,75.33568559924194,35.781124933559305,750.7787524574674,17.838333186615813,2.252336257372402,40.168036731057,13.416530901566142,76,17.833943133303475
2026-01-01 07:58:00,43.92558874666847,28.73745697767938,59.37806319434522,586.4969559447754,16.906553249556296,1.7594908678343264,29.58319956139234,12.544822666028978,70,16.813499917623837
2026-01-01 07:59:00,28.30842454595521,75.59474637845838,57.5593428640082,575.5143451246507,17.02895351586641,1.7265430353739522,29.515318169100055,13.154984350510501,41,17.095037635541665
2026-01-01 08:00:00,32.028952334734186,39.30372977759499,16.14578340642401,883.4736255569518,17.542867259657676,2.6504208766708555,46.648430239073676,11.747142397816338,70,17.600385904622026
2026-01-01 08:01:00,34.3512041144616,81.39634067127322,47.173983751843906,677.7684657714752,17.34196465256751,2.0333053973144257,35.2639301288845,13.446074126776757,61,17.343154734876933
2026-01-01 08:02:00,25.908937266872062,86.08294656777785,55.347177620984986,619.7776245534668,17.71764856190331,1.8593328736604007,33.062030959196704,13.192151369589652,49,17.78166321241268
2026-01-01 08:03:00,31.96453280294222,30.415717858358093,57.02869387313905,610.8848999557122,17.572363411412415,1.8326546998671365,32.110973282419124,11.986948590462521,69,17.521562182306955
2026-01-01 08:04:00,30.45100091730851,52.387292354577546,21.01071929123518,858.7442595641025,17.77309781750052,2.5762327786923076,45.97137211555147,11.834157822415309,72,17.844417047937135
2026-01-01 08:05:00,41.540530367184616,88.66911647138795,74.22713922522868,470.2698522379981,16.76716544207993,1.4108095567139944,23.623350030789847,12.227472402068937,58,16.744535021305413
2026-01-01 08:06:00,11.590623311951026,53.83852051812026,2.5199094821069634,972.0826210922744,18.935548580834407,2.916247863276823,55.24996595112611,13.744962347873381,64,18.94556585771308
2026-01-01 08:07:00,19.83371163572806,80.44832657601816,35.483185554316265,727.6386731599086,18.308388899274828,2.182916019479726,39.918758885940484,12.090712621504235,40,18.286896302797157
2026-01-01 08:08:00,43.264401942679555,61.21120654919239,78.02126485356335,489.5466468087585,16.63769886387104,1.4686399404262755,24.502308525771564,12.549092580577257,71,16.683673003377343
2026-01-01 08:09:00,41.159232436182066,46.27309355437213,56.389292105540235,605.5439625536042,16.87959302457808,1.8166318876608125,30.725606800042556,11.569046519149873,64,16.913501854030763
2026-01-01 08:10:00,25.947986347499953,40.00484888681092,26.116243251086026,812.6892361265008,17.927561703786985,2.4380677083795024,43.685201570383185,12.413623318002335,56,17.91796077698728
2026-01-01 08:11:00,31.704640923053784,34.22561637602611,69.49531193430477,494.9569748308175,17.243669151718162,1.4848709244924525,25.57461749907572,12.814036035496137,53,17.223461701102032
2026-01-01 08:12:00,19.70834140433964,73.32587339643881,56.73909441560734,661.5394971373042,18.15339025971771,1.9846184914119127,36.02838791115114,13.69218660876832,52,18.153810451256827
2026-01-01 08:13:00,16.584240590331646,47.05783547761195,79.62436094563871,421.1629127360711,18.076563653018443,1.2634887382082134,22.624063987890874,12.688492903362148,77,17.906027417367135
2026-01-01 08:14:00,26.229444172899374,55.78928235405258,73.50251861898234,476.9054111550022,17.43097749988246,1.4307162334650065,25.080528813518733,13.383946850208682,78,17.530051191756588
2026-01-01 08:15:00,22.36732798091185,54.46278360008274,61.01079220362347,581.241191300357,18.065619380679912,1.7437235739010708,31.512641758294922,12.758393577908471,41,18.072039760175183
2026-01-01 08:16:00,30.427963914780523,60.409532046319185,48.8177675310814,670.2798865973158,17.429691516494568,2.010839659791947,35.36474652405377,11.593805530901692,71,17.587054418706266
2026-01-01 08:17:00,12.720712293774469,80.59040019371866,13.31821256675234,925.9311531370473,18.71026955878896,2.777793459411142,51.86990785444233,12.224519032936481,71,18.67306141092222
2026-01-01 08:18:00,44.10381826831583,88.65175405084005,26.133301788538375,853.2190576356167,17.189834376598785,2.5596571729068502,44.285547742781475,12.823763868011538,79,17.301359030236465
2026-01-01 08:19:00,44.5173760567861,48.53089460016719,41.90994729170853,716.7535220672545,16.598190787140133,2.1502605662017635,35.75027907671893,13.686366121641587,45,16.626021812727792
2026-01-01 08:20:00,34.43565999069108,77.92632454744121,59.92992870063887,559.3698830961945,16.913782716428745,1.6781096492885834,28.445618455858998,13.475999827427838,64,16.950989148961877
2026-01-01 08:21:00,28.763372822044214,73.51694562583023,51.37078552153048,635.2655988468512,17.659988322772193,1.9057967965405536,33.602817031557514,12.02521791261135,42,17.631899210112078
2026-01-01 08:22:00,20.83346657002147,60.147026601890126,28.818452595952948,804.427479278607,18.262968132219637,2.413282437835821,44.20710431755161,12.006252609044076,57,18.318247223974154
2026-01-01 08:23:00,38.48282568974321,86.92330005283532,0.6464357789710551,1036.8394703773192,17.372577106608624,3.1105184111319577,54.222891872208564,11.962697824361971,77,17.43210767637802
2026-01-01 08:24:00,33.96559103938577,34.0332160869882,49.623922190081394,624.6764351009442,17.35575725089337,1.8740293053028325,32.25611399470575,13.621747461495758,42,17.21217160448478
2026-01-01 08:25:00,15.691592877071194,27.6484947216735,28.56259885622431,824.1133381109344,18.40883027591636,2.472340014332803,45.442533121925145,13.461132152133958,44,18.380373596868907
2026-01-01 08:26:00,41.88245145728449,79.77733768687955,73.46083007105351,489.3724768935538,16.536495792697558,1.4681174306806615,24.35988656917192,13.282231894181782,63,16.592600877899784
2026-01-01 08:27:00,38.78880350231091,50.74048716436238,2.394626527048349,999.9942250152512,17.774187350480798,2.9999826750457537,53.397503781434956,12.403290762715724,73,17.79927071766192
2026-01-01 08:28:00,43.242996965217344,79.28781979449423,58.482781130579085,588.5806377532277,17.0765576963055,1.7657419132596832,29.86226643842246,12.660075619887165,78,16.912022201078425
2026-01-01 08:29:00,35.4001827935926,82.51631436367904,94.14742375060654,324.11938114322777,16.73882900823936,0.9723581434296833,16.29900314608016,12.567963013028852,63,16.76234549606447
2026-01-01 08:30:00,31.469531857752646,24.372031553335,17.440926711149952,892.9309686099771,17.637799812289106,2.6787929058299316,47.43265594443406,12.082815647386557,75,17.706727474604346
2026-01-01 08:31:00,24.63850627017166,81.84253340902424,47.16494907505954,682.9339770166956,17.50404610295979,2.048801931050087,36.002665600447855,12.661564506142165,67,17.57254571797243
2026-01-01 08:32:00,42.64549691739047,51.38233387585955,9.142199181713817,955.4457450427977,17.580018111352103,2.8663372351283933,50.54765867472562,11.570142060061336,73,17.634930759451063
2026-01-01 08:33:00,40.31223613251429,55.73027423029625,62.56819122613526,561.7565687094805,16.93599605425282,1.6852697061284414,28.6419099935399,11.803163859044156,55,16.99544582649549
2026-01-01 08:34:00,11.58265345371663,63.86147577652471,55.05316805962256,602.6313831162452,18.105515796338988,1.8078941493487357,32.9642028649681,13.539156071188577,75,18.23348058117391
2026-01-01 08:35:00,10.92284410740382,84.84678247110607,40.736552421283236,683.6683931505405,18.5608602741859,2.0510051794516215,38.29899457959095,13.228863464172274,46,18.673280283880597
2026-01-01 08:36:00,23.176217840731738,21.33812661008348,52.13770214737412,651.4235503311693,17.771347671909105,1.9542706509935077,34.8920948306023,12.4725973408359,57,17.854279709345242
2026-01-01 08:37:00,38.36936657736415,53.3790427822472,89.65746584690102,380.8755287205727,16.704580165085492,1.142626586161718,19.019502929967658,12.689445833252918,45,16.645423063240184
2026-01-01 08:38:00,44.55466452602305,68.14054297013925,19.629430231106703,843.2783357249739,17.136102854216936,2.529835007174922,43.44795963068644,12.350997437707948,67,17.174226582944225
2026-01-01 08:39:00,15.264591188623486,70.589487038876,2.2564511705347234,973.4333683403245,18.577904674187362,2.9203001050209734,54.31355440134075,13.203793694469548,78,18.598620843096768
2026-01-01 08:40:00,30.79457503732473,68.47727020759756,86.16648846991009,387.49940447160054,17.149777853464634,1.1624982134148016,19.78893860908953,13.303630512233784,73,17.022769050939143
2026-01-01 08:41:00,23.331179982085754,29.41045905856853,57.71170823879065,566.3583536888171,17.88677145926269,1.6990750610664516,30.170935874192107,13.255555937467266,68,17.757270744268848
2026-01-01 08:42:00,43.94700392351111,40.95769118601768,89.06584554618424,360.18543324460774,16.26482522080054,1.0805562997338232,17.605544544867545,13.162006967119234,43,16.293037715114313
2026-01-01 08:43:00,39.4741623097498,45.110086779190944,59.69452234131726,559.4617364746521,16.98621518020965,1.678385209423956,28.615295521106187,11.97035997899343,53,17.049301531277994
2026-01-01 08:44:00,39.341504664889825,76.31060453756535,81.01610899597024,424.6376567904496,17.007251521309485,1.2739129703713488,21.775879202221095,12.277330952253102,44,17.093694552676837
2026-01-01 08:45:00,26.40426059282396,39.51319106901871,42.967336335514794,684.4546956848053,17.674886964335403,2.053364087054416,36.150726046722525,12.580644500462453,64,17.60560938736458
2026-01-01 08:46:00,24.518682581818283,34.74934747070422,74.98599312882688,442.55794968087696,17.134407012817366,1.327673849042631,22.776082553836023,12.260823880283608,78,17.154877736169595
2026-01-01 08:47:00,19.569247517574716,87.02136133266673,91.3041466889856,401.3227777884905,17.234524268276473,1.2039683333654716,20.796354220519216,13.236362460364157,47,17.27317375730875
2026-01-01 08:48:00,11.973142382782449,20.62042995794282,57.21229637222063,624.5647400150402,18.276729905070685,1.8736942200451208,34.39745904560582,12.257513105774896,54,18.35809636258444
2026-01-01 08:49:00,40.265283168926864,89.84745989773847,18.078515056237954,857.8700061759346,17.113941291891184,2.5736100185278037,44.24269288342341,11.817933799606276,58,17.19090793279232
2026-01-01 08:50:00,38.45153531955272,67.37749092001769,26.879761503019818,817.2900974119335,17.426936299503005,2.4518702922358004,42.650113280286206,12.4177930397111,50,17.39493048035368
2026-01-01 08:51:00,44.99011856501457,77.9928509614382,19.86445768974058,869.2980979682419,16.99941692651813,2.6078942939047254,44.67573479713317,13.753803195399476,59,17.130960753106855
2026-01-01 08:52:00,44.88228929758669,40.62335774423352,24.685702759573292,851.0217977784565,16.861261731844323,2.5530653933353697,42.79390733223947,12.019527249747224,75,16.76177486246553
2026-01-01 08:53:00,29.44010969609196,21.0020694366942,30.64154493510364,769.137084921073,17.31533891229924,2.307411254763219,40.07678780022214,12.907964915569428,57,17.36872337668073
2026-01-01 08:54:00,36.91455953131786,71.6508662993071,55.51337867531885,633.2484849524166,17.19836780450677,1.8997454548572499,32.70094808807256,12.495838014631325,53,17.21333139893195
2026-01-01 08:55:00,43.06680054588498,78.3901217900473,58.79916294638328,577.4477532911784,16.656219573772454,1.732343259873535,29.08590018903678,11.663356505593452,77,16.789917369586508
2026-01-01 08:56:00,39.737658673709404,71.83332923674634,42.649974724186116,674.7329288473248,16.98881626608797,2.0241987865419744,34.391244382318284,12.622116193795538,64,16.990052859912204
2026-01-01 08:57:00,18.65718356101192,29.9995201110587,61.54207798208354,583.6881853117052,17.628412288621444,1.7510645559351157,30.925979052587714,13.114977955891119,55,17.6612443828905
2026-01-01 08:58:00,25.76904473585327,72.73995455798783,8.157492561136593,968.7127205544924,18.303887036706428,2.906138161663477,53.20817873809954,12.680405944403983,57,18.308895096592074
2026-01-01 08:59:00,14.520579530302324,73.82459474753486,8.778823705815997,990.3064135299016,19.210981442700714,2.970919240589705,56.63704157046227,13.505843946617137,40,19.063810552864524
2026-01-01 09:00:00,43.39178595405528,66.09783609690385,17.182946035765845,855.7248724478349,17.237364303591796,2.567174617343505,44.20570591881343,12.16455513831244,79,17.21959449901277
2026-01-01 09:01:00,31.216112205780803,73.62811529569103,51.80774980403447,651.3241450733746,17.21721991079343,1.9539724352201238,33.79724733093498,11.69837309399912,40,17.29668582920801
2026-01-01 09:02:00,18.002498192621196,79.21450077744126,21.399467869831355,842.0077000353099,18.35066508248148,2.5260231001059297,46.533884953216095,13.654100906813415,40,18.421797073536137
2026-01-01 09:03:00,33.50952395420499,62.95228799662209,28.328440349257733,817.3680917656766,17.386866242342904,2.45210427529703,42.48847667433247,12.369851603914904,60,17.32735312375153
2026-01-01 09:04:00,31.634488416026354,26.202329977877532,40.03128361729941,690.371223654279,17.845293886547203,2.071113670962837,36.69065798784103,12.825732768343357,64,17.71542455744786
2026-01-01 09:05:00,22.535695131149417,54.13394667670476,81.18661240103798,406.4383176787629,17.57743338894169,1.2193149530362888,21.398052681312713,13.321607190099451,66,17.549241586866582
2026-01-01 09:06:00,13.974515726987015,25.435453427012355,1.3862135912860118,974.7790083976683,18.528682618351986,2.9243370251930054,53.98270979103441,12.245921426913835,49,18.459811343896508
2026-01-01 09:07:00,33.50506184574799,48.52801217227016,64.93788202366224,547.014106747726,17.19610696807913,1.6410423202431779,28.119478737222025,13.147178437808506,51,17.135133195745457
2026-01-01 09:08:00,28.210769531632767,48.497454238793935,66.88765310406853,518.9648029407532,17.65247547121209,1.5568944088222596,27.262107017910687,11.811463354581004,67,17.510569029876336
2026-01-01 09:09:00,37.03114371074737,24.62068908981691,79.86557803566366,454.1220406286228,16.61805733393786,1.3623661218858685,22.90548388360229,12.169975618572662,71,16.81301635121046
2026-01-01 09:10:00,28.20572253891977,44.41743737786355,93.27529390603132,367.61083502293906,17.20267287523084,1.1028325050688172,18.898083747443962,11.832834463113995,72,17.135950981300386
2026-01-01 09:11:00,39.826352511148905,27.769866915392036,2.0137848949289827,997.8950565604042,17.409018122264065,2.993685169681213,51.822619770781905,13.365830284323124,47,17.31064451787371
2026-01-01 09:12:00,29.316739357106993,76.57646470064554,15.378370551321618,924.7271589339659,17.950689597348376,2.774181476801898,50.16985682759607,12.012093241021606,65,18.084561967961932
2026-01-01 09:13:00,29.632829003738518,86.33816181751295,88.6171294055993,387.9966267499118,16.932092831533474,1.1639898802497355,19.811875587698314,13.150028177431984,41,17.020659649934114
2026-01-01 09:14:00,40.682876093042076,25.062153268055702,45.851856218701535,654.699072262286,16.4815374534775,1.964097216786858,32.5384438436106,13.669586313665002,74,16.566615728340317
2026-01-01 09:15:00,24.121900317433898,86.8580645104191,56.459063893346354,632.0540830173424,17.6448556148825,1.896162249052027,33.59569955269888,12.713876080858418,73,17.717734634520237
2026-01-01 09:16:00,14.690532995772426,56.58036195357216,66.30272037231474,523.777832681677,18.249198337254413,1.571333498045031,28.751270473666985,12.742067142199582,45,18.297370042347964
2026-01-01 09:17:00,11.007393670966865,40.96959745677117,67.90666044956374,542.8617468467652,18.260797328707312,1.6285852405402954,29.699755073964898,12.560377206624969,70,18.236537047401818
2026-01-01 09:18:00,36.42980394857666,25.380345269331446,93.17404033165082,379.2564020095464,17.23155886772693,1.137769206028639,19.50704325551564,12.24954732980538,62,17.14499140261019
2026-01-01 09:19:00,31.710834297371264,55.043698764929246,99.69494174116697,311.2691680264393,17.125287322657655,0.9338075040793179,15.89074762246688,12.59400657112731,51,17.0171556268808
2026-01-01 09:20:00,34.642791883472825,75.61608811435241,72.01574609309402,465.9666010850489,17.000779633793226,1.3978998032551468,23.88250577450056,12.886457324213547,67,17.084561939910003
2026-01-01 09:21:00,17.453745652811875,69.49605340866887,28.72212092051508,780.5809102261986,18.238034129644884,2.341742730678596,42.90659155564355,13.767780615992518,54,18.32250442951518
2026-01-01 09:22:00,14.773001645536942,23.515820802478164,87.97524022943436,410.6282077316622,18.04521717176941,1.2318846231949867,22.06753148695885,13.656858486431917,58,17.913634987767786
2026-01-01 09:23:00,10.509063298375867,25.103128475753245,4.922091454076161,962.1629061086106,18.979780860762084,2.886488718325832,54.59824142356315,13.482951804074181,51,18.91510646722022
2026-01-01 09:24:00,22.270564558230895,48.201129784284596,23.10808528744962,839.834873686696,18.144056688388893,2.519504621060088,45.69315683597078,13.545000232121176,41,18.135770204201993
2026-01-01 09:25:00,30.64711903991216,40.67033458335603,89.73857174637149,387.0064860986718,17.251660877121324,1.1610194582960154,19.974558657197516,12.576053121571698,50,17.20432720956583
2026-01-01 09:26:00,23.72854157849063,36.26690261392335,25.619151443935493,834.5923971340579,17.9253148926333,2.503777191402174,44.88845677979868,13.012121952508169,76,17.92829527081844
2026-01-01 09:27:00,25.31162227083052,39.67031492360995,22.065105962174847,851.1202545124853,17.89837897078711,2.553360763537456,45.56707320024707,13.558653462753293,77,17.84592050248235
2026-01-01 09:28:00,41.645554307281195,76.24379203078192,13.812529314024724,899.1389273774176,17.058184995876417,2.6974167821322528,46.103685675300675,12.403786759480113,64,17.09179166552699
2026-01-01 09:29:00,22.188941345815515,85.04596375422977,85.91117576469165,392.36840073251136,17.965116936787343,1.177105202197534,21.11519143570893,13.712053700194579,60,17.93823644334342
2026-01-01 09:30:00,27.989632120593377,48.35718861692965,50.00582591910867,667.1171950720661,17.6062081618756,2.0013515852161983,35.53852598766101,12.456307942759121,75,17.75726276691255
2026-01-01 09:31:00,37.42785544594001,83.42777014927479,67.48932030541548,538.6461484834475,16.978696461281658,1.6159384454503425,27.54767007383525,12.882490130404396,48,17.0474748907642
2026-01-01 09:32:00,23.878997381244456,42.50469908735174,23.906638407502967,827.5075311351235,17.81810737590274,2.4825225934053705,44.40192368663843,13.132550840526456,51,17.885808493581777
2026-01-01 09:33:00,31.773034507975574,53.350589044065416,75.80404210112165,491.0139515520113,17.28509865874351,1.4730418546560338,25.51682300507605,13.686361630074659,49,17.322537662064203
2026-01-01 09:34:00,40.18272980613608,35.82202984711998,76.00055449620984,465.4154362239355,16.62302106926046,1.3962463086718064,23.33919587812075,12.062617430320213,44,16.715672394738434
2026-01-01 09:35:00,43.23322182801748,64.83332295230908,31.259802490830012,764.1481390775022,17.02404054285942,2.2924444172325065,39.14897861185474,13.216101249948878,72,17.07739490544173
2026-01-01 09:36:00,15.147571832516327,88.52867806223662,41.06826330102828,697.3427429147351,17.991870053333763,2.092028228744206,37.95631973632616,12.697875848131389,44,18.143311459573574
2026-01-01 09:37:00,42.43056688065231,62.244516723036504,20.969027743020085,833.641989072664,17.265858458699384,2.5009259672179924,43.04340783870762,12.117681423427475,55,17.210988411059894
2026-01-01 09:38:00,27.224070257783836,45.04698588794842,97.65610233229043,310.95908334189335,17.062217052591212,0.9328772500256801,15.924651621823756,13.286195731531699,76,17.07046840448235
2026-01-01 09:39:00,19.038553590463543,65.34722121933699,64.56025770584117,572.7526816258357,17.63355835073194,1.718258044877507,30.592002164986848,12.770111244399848,76,17.80407911150954
2026-01-01 09:40:00,26.069751468339145,28.60444749257713,93.45438807155155,329.7173798785291,17.304426772507618,0.9891521396355871,17.199288146418148,13.020239787494255,68,17.387909763562284
2026-01-01 09:41:00,44.3011401349917,82.2061356185779,30.338554362913317,791.3996346799688,16.748161026320584,2.3741989040399063,39.68354967933257,12.242672457729173,57,16.71450088356437
2026-01-01 09:42:00,27.241633289750435,55.21587655458855,78.18909129968897,439.54257398962903,17.40588525472117,1.3186277219688871,23.023487201499,12.606930089203491,68,17.46018744935975
2026-01-01 09:43:00,21.506306360062787,51.45448194277495,76.5858643884742,458.69276845525184,17.729926915376527,1.3760783053657555,24.493672386310624,12.919914777272554,45,17.799621061390337
2026-01-01 09:44:00,32.1690299010854,61.01053519174634,69.16556518665415,485.6402194537159,16.986620831315253,1.4569206583611476,24.759026366100553,12.431294872820642,57,16.99408009901606
2026-01-01 09:45:00,18.405096657236758,63.73487039525817,96.56389752668004,319.64195273010904,17.479502157524657,0.958925858190327,16.72859815101472,11.956256841649713,71,17.445142404006834
2026-01-01 09:46:00,12.655216483803237,25.024306435855912,39.355533610631554,720.6371571294799,18.30995452954686,2.1619114713884393,39.895027423411065,13.7117731323252,70,18.453589775250776
2026-01-01 09:47:00,14.510790266872723,67.78320548563818,13.07173235897573,919.3036323678838,18.81483602542242,2.7579108971036517,51.737920768415066,12.67637534209802,50,18.759823177300632
2026-01-01 09:48:00,14.481604363522035,36.935217622087066,67.17088592440608,534.2694167942649,18.016723580491714,1.6028082503827945,29.005624867126983,13.188016851661711,65,18.09675290865245
2026-01-01 09:49:00,15.316594272930303,69.97668427546128,72.93098004772062,465.5152971669147,18.067362927317255,1.396545891500744,25.23440518943799,12.445408545178934,67,18.069155724142234
2026-01-01 09:50:00,14.858951042729355,77.57743560689377,57.506057345881466,619.1415634597005,18.58481870949141,1.8574246903791014,34.52648016161453,12.316803057259147,66,18.588360723560562
2026-01-01 09:51:00,32.43061606811251,76.27709552867643,20.681789313339628,859.4335356110624,17.563369534357047,2.5783006068331873,45.419539817718174,12.436477886474387,58,17.616076146181026
2026-01-01 09:52:00,16.365802953970068,58.67506771855224,50.445594166935535,650.848711175001,17.76258095031024,1.952546133525003,34.88213304388841,12.441152280706994,66,17.864946924923313
2026-01-01 09:53:00,22.09835491633521,56.41189246175258,31.21897365691294,781.2835373339067,18.253623621981003,2.34385061200172,42.8507275566879,12.751614266666493,59,18.28219227679023
2026-01-01 09:54:00,41.387594346710415,30.00131729375882,42.746652816668906,690.4182813388733,17.515443650765814,2.07125484401662,35.94230017916894,12.749980700957135,42,17.352910619858296
2026-01-01 09:55:00,26.588657409200533,74.27423052821949,64.52185758446639,552.7030437037098,17.4920078646594,1.6581091311111296,29.229438542021217,12.643453776530606,55,17.62817536770576
2026-01-01 09:56:00,33.364520848235955,38.99865663127001,74.52147426908346,487.8614488349875,17.065247697680434,1.4635843465049627,24.728745115140093,11.810007305310108,78,16.896016395769948
2026-01-01 09:57:00,16.031195492057044,54.76867959725626,23.22246909013431,802.5048025421487,18.40144683945568,2.4075144076264463,44.36427663329492,12.640973600551222,68,18.427418956563333
2026-01-01 09:58:00,16.730115658303475,39.89918650492617,40.532536064695336,705.4970308002107,18.05157220815168,2.1164910924006324,38.19850545346047,11.888938970967498,54,18.048035066442814
2026-01-01 09:59:00,11.43040156932676,29.36798540997852,26.91615709916292,806.4879608977877,18.708111880534464,2.419463882693363,45.52652676424752,11.79011230848026,69,18.816782961672935
2026-01-01 10:00:00,15.912727207525759,64.06903878242156,19.86316138618691,866.0812824105773,18.20610054103214,2.598243847231732,47.504283314463095,13.645085149884686,79,18.28322748269989
2026-01-01 10:01:00,19.750661866118552,23.803242437603267,78.33872199958384,475.49516612145567,17.665392933506812,1.4264854983643669,25.271166174832505,12.89138503023972,40,17.715683898510616
2026-01-01 10:02:00,16.19536694968614,72.405166388834,90.92526944369924,348.08829760216975,17.456927036572374,1.0442648928065092,18.338854295244516,13.016827133686544,68,17.561496533660165
2026-01-01 10:03:00,13.104588681496946,42.231075668278166,37.02321856845767,730.8782330844394,18.49556105684172,2.1926346992533183,40.59981703165238,12.424125441766737,69,18.516452852578805
2026-01-01 10:04:00,14.222255488521029,20.009428510313974,75.12789243737669,463.8540707254322,17.920698407053866,1.3915622121762967,24.99440551254347,13.590656051404189,79,17.961399996234544
2026-01-01 10:05:00,26.127256881145403,55.77903974660609,89.69952893644111,356.0727456428214,17.498176809300592,1.0682182369284643,18.494167763802302,12.96724012603323,71,17.31309869505702
2026-01-01 10:06:00,17.221680144202736,23.279633596932218,84.61242105302316,400.7693227265927,17.67794266930498,1.2023079681797781,21.394517337744226,13.269090699904252,49,17.794540087873024
2026-01-01 10:07:00,22.749445136682642,39.33186904746296,18.28133885392259,887.4466724223013,18.056634997929354,2.662340017266904,48.045562224956065,12.347693678763742,66,18.046365946254497
2026-01-01 10:08:00,27.619604479919992,69.48835412190013,95.62918815133614,309.51897303336017,17.28345827645003,0.9285569191000805,16.02566083058191,13.70802732588399,47,17.258673648259848
2026-01-01 10:09:00,34.163819002027786,24.38827351353061,37.66764404294625,744.8827796024343,17.342348034068458,2.234648338807303,38.99322822895279,13.387060967364125,75,17.44938008893364
2026-01-01 10:10:00,11.375924894438462,78.75369446492016,33.92406611738363,728.4934925779478,18.444920942117104,2.1854804777338437,40.160909824052766,13.46408146493345,74,18.37623819257182
2026-01-01 10:11:00,37.97936396181649,20.267394586100817,6.2431327277780335,945.0713109767096,17.976991378327238,2.8352139329301287,51.08155065767662,11.896046815079234,75,18.0168240796154
2026-01-01 10:12:00,31.97651363218177,37.277670844133155,48.6173654104883,653.0886561222222,17.276854370759363,1.9592659683666667,34.33827823148131,12.123215378103804,75,17.52609333591767
2026-01-01 10:13:00,12.861566118210517,71.863283930645,10.90136156409287,957.1876625096313,18.87803603838452,2.8715629875288937,54.019989592716094,12.156941179272227,64,18.81205107717406
2026-01-01 10:14:00,40.575251843737206,42.138910481051475,24.853982092742598,820.5260792557481,17.42337334362689,2.4615782377672444,43.163940388483745,12.123091213467804,59,17.535067432037124
2026-01-01 10:15:00,42.23053401861346,27.132467164620948,31.694262176728138,734.1152952938846,17.303231869273567,2.202345885881654,38.338457803946895,13.467438772839863,56,17.408009363887476
2026-01-01 10:16:00,12.137728594920231,45.216374316029956,80.8826323491684,393.84379541859624,18.073599587208342,1.1815313862557888,21.273247384745513,11.573335028979763,62,18.004809378919102
2026-01-01 10:17:00,19.69071768515213,38.927530046916786,87.54886503958966,387.8385364498061,17.68198526946221,1.1635156093494183,20.61365864568164,11.67502997465578,64,17.716701417704055
2026-01-01 10:18:00,38.21704479275715,78.98983315123884,30.246631746146967,800.5489948927694,17.234147904155858,2.401646984678308,41.16992287571653,12.130004202448779,70,17.14237068910071
2026-01-01 10:19:00,36.189089163428044,41.93435423096002,85.86981212445738,406.42043228134344,16.941754249633544,1.2192612968440304,20.508874388937876,11.95970784169372,45,16.82073764009701
2026-01-01 10:20:00,16.458235677473205,75.2252730243205,85.72309373697911,403.2897459571661,17.72771747827788,1.2098692378714984,21.52624794512248,12.033277111930552,74,17.792210324310112
2026-01-01 10:21:00,17.32722631678486,82.43105013675142,76.46509503848735,487.98952668070194,18.031914630501646,1.4639685800421058,26.282025320075572,13.335269335282591,43,17.952588380906143
2026-01-01 10:22:00,22.96652359769837,50.36721937035706,14.669511401518154,886.5215957746303,18.222462229365142,2.659564787323891,48.664738578117934,12.795191165951708,79,18.29800830950443
2026-01-01 10:23:00,26.958304481685747,83.69602006980745,69.0322846900729,534.6722182900263,17.839370384829582,1.604016654870079,28.256451697329155,11.513272520973826,59,17.616058793116366
2026-01-01 10:24:00,31.63891700356036,46.4122637774235,94.50240645805688,305.84285709307346,16.905051266268465,0.9175285712792204,15.574448320773826,12.48744236111965,40,16.974346966721587
2026-01-01 10:25:00,22.911977384942034,87.48548915430757,68.2540478767157,504.1227082042288,17.521045411829405,1.5123681246126863,26.34308839686482,12.438135331755825,65,17.418436667733406
2026-01-01 10:26:00,26.188715064660176,26.250266716790104,33.16168491078339,731.7273777258799,17.734840894795752,2.1951821331776395,38.7459785881069,11.76207411972245,73,17.650461892207595
2026-01-01 10:27:00,36.16148283468148,68.091348655227,50.05793174308313,644.0975717850223,17.13039947426162,1.9322927153550666,33.03986869563064,13.055126113783352,49,17.098790692050727
2026-01-01 10:28:00,11.283912101170927,54.56698283198501,64.57250433510536,547.0672453089358,18.18290282837854,1.6412017359268074,29.951861346176408,13.11482353327283,62,18.24995714452021
2026-01-01 10:29:00,18.835293052040726,47.1354163818953,51.05704087285036,644.8827437345778,18.270574571900113,1.9346482312037336,35.37642486760178,13.158054403819825,63,18.285714321094254
2026-01-01 10:30:00,34.96723550595934,64.28983151240206,11.995294173096982,917.2706078460637,17.229597527806092,2.7518118235381914,48.00523711504441,13.175483174784762,52,17.444956339100546
2026-01-01 10:31:00,41.33223931905198,69.26999641440318,31.206404465202063,763.004102127351,17.07885318144251,2.2890123063820527,39.042335088248606,11.500121501944284,68,17.056411177604286
2026-01-01 10:32:00,27.908710474048313,20.305428875521635,80.23960305536325,434.51796172419296,17.53190485162952,1.3035538851725788,22.80820844150985,13.694017848847462,66,17.496943318526682
2026-01-01 10:33:00,28.623971984286047,31.68671621230391,86.14180460955174,367.0584343610229,17.12276349933405,1.1011753030830687,18.840463659674242,13.372680164225725,70,17.10941355742791
2026-01-01 10:34:00,13.751020396892162,69.91322354440231,13.730003271557024,931.1545566017459,18.55393332789732,2.7934636698052375,52.66032096034109,13.579157902155357,49,18.851263945026574
2026-01-01 10:35:00,25.659432838820912,66.64697895047445,95.23867523987246,327.25675186293284,17.103441432758792,0.9817702555887986,16.915906488505478,11.5359795792071,70,17.230005077267773
2026-01-01 10:36:00,28.64160432592581,87.62332535900741,32.88226178486093,760.0464451250997,17.734537004571436,2.2801393353752992,40.60779058643544,13.647875230307202,78,17.809346102856303
2026-01-01 10:37:00,18.48646762721554,73.2726453175548,66.231373873072,568.1591894573777,17.961386787382285,1.704477568372133,30.565068265025108,13.36251361598264,49,17.93222089406338
2026-01-01 10:38:00,19.423513083228336,86.55408954119366,75.18251459566811,448.8774671593387,17.91448753168756,1.3466324014780162,24.08526605150969,13.425604028805008,63,17.88555364112326
2026-01-01 10:39:00,23.204945708661793,69.1778351074365,81.19462346378835,409.1258934728422,17.17740789409777,1.2273776804185266,21.10405994495477,11.714560984860528,72,17.194430273294888
2026-01-01 10:40:00,10.702491922220423,40.863654604761024,94.57497022259301,316.0508019444777,17.979813758788385,0.9481524058334332,16.98737271344967,13.199189466512776,53,17.91628920512799
2026-01-01 10:41:00,21.27277079541124,27.375544557559955,31.29195480288226,779.5988887458345,18.11245009115676,2.3387966662375037,42.601355115201606,13.70780838617681,74,18.21507432868705
2026-01-01 10:42:00,17.400680244879062,74.7276704341455,85.85064545515544,407.6781144066639,17.95924570953668,1.2230343432199917,21.890140444149772,13.06065888526177,73,17.898222208967283
2026-01-01 10:43:00,21.462407326227012,65.09044550331411,13.168690343620703,922.6126769570117,18.706863384158922,2.767838030871035,51.646166987720726,12.812291230636596,56,18.65938917367493
2026-01-01 10:44:00,14.191674613673793,23.373020867530737,70.50409063535928,557.9112719023844,18.136833717080563,1.6737338157071533,30.29303928977229,13.674948258822694,60,18.09907824379677
2026-01-01 10:45:00,41.16845482589632,45.20353261306848,74.19777295139859,435.6269402561946,16.922709978353087,1.3068808207685838,22.139755620937812,12.518755379989203,71,16.94091402146165
2026-01-01 10:46:00,30.775735874391703,86.97598708390004,67.77232412013204,537.7684429415641,17.369135487843955,1.6133053288246924,27.726363962785406,12.878375202514102,42,17.186061105360828
2026-01-01 10:47:00,33.76858117005713,55.02808019971408,25.2314736135153,812.2370732539483,17.894975402535984,2.436711219761845,43.48470979395353,12.595578075037043,54,17.845655833686997
2026-01-01 10:48:00,37.62099335125684,50.291039521379325,87.30431470152034,377.14149411158223,16.80132241261885,1.1314244823347466,19.118987403517238,13.645546309128688,47,16.898155998944205
2026-01-01 10:49:00,27.445476962517006,52.03897236115058,16.8858463370395,869.4036330756459,17.82397043313477,2.6082108992269375,46.42391064638556,11.674994871560667,71,17.799139885561175
2026-01-01 10:50:00,13.042210083059828,34.62179068036146,5.363479152083084,944.280252519259,18.950966059783685,2.832840757557777,53.47190249125328,12.652575311898302,77,18.875717722076264
2026-01-01 10:51:00,28.79872896364917,45.80950196053567,71.74649906119122,531.4650032637305,17.33820302971427,1.5943950097911914,27.73771213085697,13.079990615186508,65,17.3970138896067
2026-01-01 10:52:00,30.53943913073077,45.88692791910236,47.54757152327337,684.0129458773645,17.783091605707618,2.0520388376320935,36.26807173253556,13.321385038371146,69,17.674164381014506
2026-01-01 10:53:00,36.09038159645155,23.664851413123067,84.90980199586761,406.09530560007425,16.848172931462475,1.2182859168002227,20.479349177873775,12.840942889121514,48,16.809969560890874
2026-01-01 10:54:00,25.10808411803878,73.72973399625428,38.3397141058259,758.6423163089587,17.636862189662615,2.2759269489268763,40.67334090955962,13.590510811479344,71,17.87111002342915
2026-01-01 10:55:00,14.46531059784473,49.15531023327153,16.827858850771282,851.9544087386237,18.90845219750206,2.5558632262158714,48.25082557757566,13.666580327832905,50,18.87848499976827
2026-01-01 10:56:00,19.932156702955357,77.55259207714963,83.64421924698698,387.87636264447264,17.574859614486535,1.163629087933418,20.497864597225192,11.647934213345241,61,17.615462529927807
2026-01-01 10:57:00,22.70788037395223,79.52436007839268,54.89096316400717,572.2039032080561,17.991914282407002,1.7166117096241684,30.792917819752567,12.42545224094516,73,17.93819630095283
2026-01-01 10:58:00,32.60710344660605,34.839583828906065,18.91957923903549,853.5746545242858,17.74935799647247,2.5607239635728574,45.209419002781175,11.553955749958655,57,17.654936512447286
2026-01-01 10:59:00,29.977240663411916,66.01474375190901,72.03839985864458,498.9651715235831,17.652434580674466,1.4968955145707494,26.394636425767093,12.257658311961219,58,17.632918375960283
2026-01-01 11:00:00,22.46338540642462,53.05972629140872,51.111363848950056,644.2776246159964,17.924105464130133,1.932832873847989,34.322434849287376,12.734796901332386,57,17.757580240735663
2026-01-01 11:01:00,44.52803370775429,81.61097165450396,60.431298224031984,579.9677506529737,16.552850545885963,1.739903251958921,28.831451762936933,13.594828340172883,76,16.57072123434231
2026-01-01 11:02:00,31.20211867749105,35.10184754235179,46.089833820658185,649.150026634071,17.83100432460512,1.9474500799022127,34.60331064474589,13.447074941670428,57,17.768522542299735
2026-01-01 11:03:00,18.302937710759807,67.4469240217031,82.87089838180064,435.9668061796759,17.78030830291621,1.3079004185390277,23.149594198241044,11.793249371345567,51,17.699814045552476
2026-01-01 11:04:00,13.562386541714131,62.54264855769058,82.95627156830498,424.09864938664515,18.318508911337865,1.2722959481599354,23.31894995240603,11.71396986190406,43,18.32824350822714
2026-01-01 11:05:00,15.35006987145162,40.671103430028296,70.93888218243862,518.0889103522496,18.315875418672537,1.5542667310567486,28.346713513633663,12.855314879140334,66,18.23799798787476
2026-01-01 11:06:00,18.608520493457785,29.562063255582082,10.540137739646227,888.3637922706753,18.361722423704737,2.665091376812026,49.0941538798424,12.7238713366552,44,18.421189722420955
2026-01-01 11:07:00,15.623848064084449,65.61478323340936,83.88538619040689,419.0321138431076,17.492440231254882,1.2570963415293228,22.042803540490596,12.112668575289055,45,17.534697073157005
2026-01-01 11:08:00,16.5298458417957,71.70182206926314,67.10129805329098,506.5356088286126,17.848198591265135,1.5196068264858378,27.32169109711346,13.568742094473821,52,17.979447460298765
2026-01-01 11:09:00,19.978330904284647,42.0939140634345,69.70241660042996,504.13661874596306,17.851755305248403,1.5124098562378891,26.962659722106338,13.632942741761575,62,17.827614393611398
2026-01-01 11:10:00,16.06807583531642,65.13828228156197,36.298284040387166,756.5993096900175,18.647463887015515,2.2697979290700525,42.25214935512834,12.426006308182375,64,18.614938719430082
2026-01-01 11:11:00,41.38678986192488,47.65916353280523,87.92795561570067,386.32618281521366,16.99576553223252,1.158978548445641,19.561053595892748,13.547695881361097,43,16.8778392163746
2026-01-01 11:12:00,12.808181098157476,69.92448182978325,72.53716002348575,475.20908024001335,18.064521130058985,1.42562724072004,25.64048633943154,12.383082456804837,71,17.985407129623397
2026-01-01 11:13:00,28.357898634958914,33.94506924258371,11.259046652919446,921.3121365532522,18.145830070214828,2.763936409659757,50.23263609539834,13.194678713208312,54,18.17430962587957
2026-01-01 11:14:00,24.363888944638155,82.3150501845322,40.77780344061627,683.9246696108132,17.892955019653556,2.0517740088324397,36.954035896553776,12.594667100359766,65,18.010772988386982
2026-01-01 11:15:00,44.383251591801226,40.118671752590586,88.63803619601417,402.53909454586676,16.692613642962822,1.2076172836376005,20.106016981595452,11.781941259966521,50,16.649328602710824
2026-01-01 11:16:00,13.921361575881832,45.7450191429307,4.719670169737899,962.8566284219096,19.009030163507344,2.8885698852657287,54.58806326203515,13.63424866284515,48,18.89795484626588
2026-01-01 11:17:00,23.92494596660096,24.066436645624485,96.14166196420496,349.3793651356719,17.0648407085615,1.0481380954070159,17.807155824683477,12.544422164768335,50,16.989322211181108
2026-01-01 11:18:00,43.93146516463791,27.805854862489348,67.91625683195628,514.0555684343852,16.701873360399855,1.5421667053031558,25.589828499449947,13.18932019274153,41,16.593425607914128
2026-01-01 11:19:00,40.29274940628931,56.11033318986297,63.13759776433766,547.5652958815048,16.604380005404586,1.6426958876445146,27.310753757918345,12.344499773191972,66,16.62556895852441
2026-01-01 11:20:00,38.59752248322479,38.73148737095801,27.05592564879914,795.3247847256491,17.225928001526054,2.3859743541769474,41.21195652766368,11.54342602072534,65,17.272589898343618
2026-01-01 11:21:00,19.026598946572896,78.4836158019536,24.879178873917706,843.3692265164376,18.486034604449607,2.530107679549313,46.958102094167494,11.731219824991223,47,18.559724739672788
2026-01-01 11:22:00,15.981065558652304,21.028537205846767,94.20582194885955,326.37062321141366,17.79594317739814,0.9791118696342409,17.429692085720205,12.641304802826827,60,17.8015328240595
2026-01-01 11:23:00,33.402512697355085,46.536583407035536,29.827245423412275,804.1011906844177,17.807785244841476,2.412303572053253,42.976742442272915,13.086918021390634,60,17.81564432443836
2026-01-01 11:24:00,42.528159619465505,43.61418827383649,77.55052967189994,449.4972443433146,16.686856432538317,1.348491733029944,22.47421764218674,12.269891251132343,47,16.666188669684406
2026-01-01 11:25:00,29.486701255487542,21.35293416423207,39.31217982070792,685.2954752572123,17.33101321647411,2.0558864257716367,35.65717690529856,13.099623456108596,40,17.34394296217766
2026-01-01 11:26:00,30.006444131446493,28.705787930035715,13.925407078470398,891.1158690949779,17.36881942278292,2.673347607284934,46.468615182414005,13.106861855693499,77,17.382182195755597
2026-01-01 11:27:00,19.799268278109945,48.95498724430447,1.071529769535895,968.9171273259917,18.465504624122197,2.906751381977975,53.90039673627297,13.11905258685401,52,18.54317402941941
2026-01-01 11:28:00,36.93225266171779,54.50052091132127,54.42573370152508,619.6979185629712,17.184310852843485,1.8590937556889136,31.772189199505394,12.63280026424717,48,17.090148951488334
2026-01-01 11:29:00,16.546531199513318,48.30028230784084,97.57788185489326,293.1466723022574,17.474656106825712,0.8794400169067722,15.361182557431507,13.60423814527946,67,17.467004300601342
2026-01-01 11:30:00,21.328773274148528,57.16563748884657,36.91361938092045,760.1241663478492,17.76617774245554,2.2803724990435477,40.55328285205211,12.625151991355416,45,17.78362213588407
2026-01-01 11:31:00,24.890275351574587,61.659217243397705,35.719233399304485,748.143848997808,17.70601043789852,2.2444315469934244,39.90768377772812,12.535609945042268,62,17.78075336322344
2026-01-01 11:32:00,27.766363253955927,20.694667478948496,34.40916178494421,755.5839476102157,17.62296815070546,2.266751842830647,40.24880718150433,11.958575883724443,75,17.75615946174457
2026-01-01 11:33:00,18.484340634527808,52.486661161745275,52.054383730485846,648.7371566423508,18.36286068723335,1.9462114699270523,35.48345259878676,12.207606700919575,56,18.232064267978416
2026-01-01 11:34:00,14.019288865872124,87.44494686213118,44.06648834242935,710.8127202845118,18.508444724259938,2.1324381608535354,39.349840553389505,11.597369332792098,48,18.452980853446757
2026-01-01 11:35:00,31.37170148545714,56.33225960906841,87.99146267270145,383.65778625569686,17.21612327028824,1.1509733587670905,20.002207842714377,12.957131175317192,51,17.378515054545236
2026-01-01 11:36:00,20.10206936340895,67.42795872212673,50.55207917234903,630.7114398025709,17.860157110395296,1.8921343194077127,33.64941944481617,12.071632211032314,61,17.78384288032433
2026-01-01 11:37:00,30.34333774979143,41.83047005418182,50.77578381885688,609.0901209457593,17.71492818936386,1.827270362837278,32.201401009950985,12.19955708531657,51,17.62268007234055
2026-01-01 11:38:00,15.40269503459708,74.17939647069338,13.83715947205566,889.4188885549066,18.635890941958344,2.6682566656647198,49.69215348474322,13.27287339982794,45,18.62345332972825
2026-01-01 11:39:00,26.83990356491861,74.10450373132807,98.27395409103859,299.7380764297708,17.45635685079762,0.8992142292893124,15.553300066044962,12.252608721271343,48,17.296545761222443
2026-01-01 11:40:00,28.640630139305504,56.490723335789724,24.99728908688297,827.1601254516652,17.793077672771403,2.4814803763549955,44.09939452603259,12.057050551630228,76,17.771405708559115
2026-01-01 11:41:00,11.813823788784942,88.32096762954495,7.336406745960266,941.7422151555177,18.944575855277225,2.825226645466553,53.923005251700125,11.888832823007524,42,19.086258208072145
2026-01-01 11:42:00,21.78114973678722,28.788515033385735,66.31462489752089,549.5562851583824,17.88083879267209,1.6486688554751472,29.419377751348975,13.282174325018499,73,17.844321892567258
2026-01-01 11:43:00,14.704513692864099,21.18633654227067,59.53663701568727,570.9838754647753,18.05985086174168,1.712951626394326,30.893701182932542,11.798324393377062,47,18.035361131570408
2026-01-01 11:44:00,12.218123966546871,73.91107482299671,41.514565399274574,708.2572188680191,18.438745139314232,2.1247716566040573,39.306309859840944,12.543633648575813,49,18.499074824192046
2026-01-01 11:45:00,44.64860813364808,76.50088761554179,42.2192233880678,728.1451851474632,16.919232082939114,2.1844355554423895,36.833681901112485,12.665939266977547,48,16.861876199251373
2026-01-01 11:46:00,21.282384574115305,28.414506038440337,78.50639210464311,457.29175954659763,17.602887554122606,1.3718752786397928,24.37774914335024,13.080996799177145,53,17.76965408074169
2026-01-01 11:47:00,38.34560560491222,38.590798307102425,19.571264009964906,861.8004010964744,17.28852165426848,2.585401203289423,44.441663421280055,12.95655200936589,76,17.1894649715242
2026-01-01 11:48:00,18.912422916731735,21.228665435664023,82.02533189448897,413.7837878998737,17.63137202522954,1.241351363699621,21.995733464840523,13.364657547773902,66,17.719184195590085
2026-01-01 11:49:00,33.85259527783752,40.53160275463953,64.87471138950181,533.2123923391878,17.13775566263507,1.5996371770175635,27.571746732503986,11.602928298030347,71,17.236250275146773
2026-01-01 11:50:00,36.60797509613903,74.119931174307,41.89697737795244,689.7088932952938,17.249386769343854,2.0691266798858816,35.71471816344123,12.181813666992614,43,17.2607692465746
2026-01-01 11:51:00,30.84735592127455,56.25723693988053,45.80286165838686,668.559831075634,17.823157492231886,2.0056794932269018,35.66070099443295,12.144308473183374,41,17.77986019942752
2026-01-01 11:52:00,26.505166599255542,44.36669152178017,25.66472071860958,835.4602717446193,18.149129038827702,2.506380815233858,45.44754322330688,11.835838882861848,72,18.132736632468358
2026-01-01 11:53:00,24.4144319951544,46.02175064344312,75.21143326969748,469.0822016862723,17.4571396268463,1.4072466050588168,24.671010932892095,12.165109983869819,60,17.53140554342354
2026-01-01 11:54:00,22.210389329004833,20.09475380008277,51.287474230526776,613.9922189986879,17.853197752428134,1.8419766569960638,32.97839397878033,12.212460222528678,40,17.903806681547323
2026-01-01 11:55:00,42.53352004867391,40.98603692956651,32.08545427498436,810.7652059363052,17.085300682029416,2.4322956178089155,41.832091371479635,12.7003342624332,50,17.198604916767163
2026-01-01 11:56:00,39.07167927257052,65.25211191465513,59.60501157609502,589.1642227902381,17.038354301227212,1.7674926683707146,30.15487831640783,13.02652030153039,40,17.0608222913902
2026-01-01 11:57:00,43.77594187332794,88.193611067145,99.5734452051323,274.84701555381054,16.015843951982486,0.8245410466614316,13.117080823594192,12.376531181307172,50,15.908341830531397
2026-01-01 11:58:00,14.350402821994066,79.29425788887296,43.52622796565539,686.4794256955959,18.301467444525432,2.0594382770867874,37.69162050780905,13.154781532020777,46,18.30189373828982
2026-01-01 11:59:00,35.58036163212755,21.651647525187038,92.06914007786196,357.7337471115346,16.59663615089818,1.073201241334604,17.719298074619843,12.273180278733035,41,16.510694725422237
2026-01-01 12:00:00,42.841915988736325,82.89924232723875,34.50168399245661,792.5800539187513,17.497970604705827,2.377740161756254,41.25957083482087,12.16765245782395,54,17.352430470933207
2026-01-01 12:01:00,16.343157315798106,74.82388893090382,5.4732706924985886,939.5248559873326,18.57115766228681,2.818574567961998,52.509930088859015,12.744732528471156,47,18.629959514190507
2026-01-01 12:02:00,12.327369357837213,74.62632864996863,20.424210636842886,876.5513399292187,18.691133026760507,2.629654019787656,49.20027540869477,11.554547628703318,65,18.709790352066044
2026-01-01 12:03:00,35.939222725152064,52.05970313025,41.86951433276842,734.903128210068,17.751872308570395,2.204709384630204,38.659034545799535,11.683514984358201,79,17.534753022464145
2026-01-01 12:04:00,30.106558961296916,47.8603705068152,21.963492859456903,833.6824638823102,18.024095048446586,2.5010473916469307,44.71787877539621,12.461329950249013,74,17.879660707248593
2026-01-01 12:05:00,39.46400718653952,41.204101018323485,0.02270382182555375,994.2908008700165,17.17526848652097,2.9828724026100497,51.730491306466064,13.668699236201041,60,17.342508939102206
2026-01-01 12:06:00,14.892033181920132,24.598640126805606,91.50015377475272,338.7727386292556,17.838091207948494,1.0163182158877668,18.089830442719176,13.159477093639875,77,17.799376376342405
2026-01-01 12:07:00,37.834355915096154,35.976475444558936,84.3879411230929,405.2151893167436,16.699127592808996,1.2156455679502307,20.300152371613077,11.702691109851283,47,16.699071593575027
2026-01-01 12:08:00,17.056956201671056,37.262254448461725,74.22922314869471,479.66363847227836,17.65038638098953,1.4389909154168352,25.27981980398659,13.44653142939601,71,17.567741069903654
2026-01-01 12:09:00,15.727958000299658,53.88539487971411,16.781459564602862,895.7227830094274,18.394633151103214,2.6871683490282825,49.62966433209933,13.184291772398817,47,18.46913102785172
2026-01-01 12:10:00,15.749302927584754,72.32110846176857,12.036357620998606,937.5491660734187,18.548189701123533,2.8126474982202563,52.40567159809033,12.905177009116102,49,18.6321505383276
2026-01-01 12:11:00,38.51011520809837,53.166687987856264,6.760474947238315,937.7147540768988,17.4404691128827,2.813144262230696,49.252744060876694,13.386673809401108,62,17.50807618441206
2026-01-01 12:12:00,33.281902724367,24.049111461301244,72.40291887729212,453.8330665744353,16.713015324287998,1.361499199723306,22.832625014776262,12.429452649808802,43,16.77020817890784
2026-01-01 12:13:00,28.307289866919177,87.04528606917427,92.88079606878853,349.4095319329555,17.47061533784387,1.0482285957988664,18.22773397268071,12.009452416963862,77,17.38908292116297
2026-01-01 12:14:00,22.559066944322588,85.99070233658786,43.053582091303696,704.495675960247,17.840249437631066,2.113487027880741,37.95478109626671,12.677653794950146,69,17.958369554945953
2026-01-01 12:15:00,40.70201892845879,74.9632680203886,11.914067199604816,921.5898833564671,17.34253310394794,2.7647696500694012,48.12024758255104,12.76233603786499,62,17.40479449394387
2026-01-01 12:16:00,23.73557875979224,89.39295310949544,51.23928207321066,634.7915605373445,17.71663549143423,1.9043746816120337,34.079807063392636,12.738150655622798,44,17.895536730484373
2026-01-01 12:17:00,38.5809803815052,58.113763296018405,34.88319074586301,758.3127067722377,17.201516572643598,2.274938120316713,38.9032727055535,12.799669720404243,60,17.100804790302362
2026-01-01 12:18:00,25.369721799957645,87.39378451772443,37.48249243499977,767.9314491220465,18.15178528825484,2.3037943473661393,41.52516114584518,13.682021311950116,45,18.024682278311726
2026-01-01 12:19:00,23.193055029871765,25.292352843172555,62.13306241557073,572.7032464702551,17.64327984592178,1.7181097394107652,30.369285743134828,13.575164933121332,56,17.675987189008158
2026-01-01 12:20:00,26.193792498436224,45.59765237829599,71.87181132622024,489.42995221639666,17.26534325879202,1.46828985664919,25.394275981465825,13.51414918408556,64,17.295138195273342
2026-01-01 12:21:00,20.548225595744974,35.776688760473604,11.060359887316086,912.5735244468675,18.551460695782424,2.7377205733406025,50.66463611974626,13.343258665089843,63,18.506138505554134
2026-01-01 12:22:00,36.16632830616879,33.708315889398904,3.5590230806476386,971.6897912819119,18.145001244112617,2.9150693738457356,52.46411568090596,13.669884646710157,61,17.99755304337479
2026-01-01 12:23:00,27.59521365323677,29.856206422487325,99.43303026857149,336.70358735661245,17.36112164782664,1.0101107620698373,17.495381606712144,11.726537675862627,52,17.320260573070247
2026-01-01 12:24:00,18.127444330138605,63.56895490961976,23.272834891555185,833.4241415685898,18.50860531462653,2.5002724247057695,46.450959976307985,12.1097835013252,56,18.57835950887404
2026-01-01 12:25:00,41.4851100646099,74.69252990231135,5.383052490845907,961.9227456736644,17.152620236768893,2.885768237020993,49.96564133691229,12.638628675005545,53,17.314502493967538
2026-01-01 12:26:00,23.4361927480624,60.480887959425246,18.987532909591998,857.4409982141299,17.733315287818037,2.5723229946423896,45.90266117883566,13.447029334183833,73,17.844827914084387
2026-01-01 12:27:00,29.0243501389896,30.28738967117468,3.895784634846422,994.7091747049144,18.396195704559105,2.984127524114743,54.874744323278435,12.661881136502284,65,18.388873759527858
2026-01-01 12:28:00,41.72652388375914,76.77866389534296,39.181089461717164,764.9291188628733,17.456437709667224,2.29478735658862,40.20919627868773,13.220479900485655,58,17.521970461987305
2026-01-01 12:29:00,31.84832985698972,64.51682950146099,80.24017844513243,447.33101187270074,17.45663815031258,1.3419930356181022,23.400522292663744,11.819607782072508,65,17.437141379713502
2026-01-01 12:30:00,14.091431424792741,47.171599428889685,34.124444975772064,762.7843432453042,18.367155354208744,2.2883530297359127,42.15706413721057,12.080551769846089,42,18.42244775583237
2026-01-01 12:31:00,42.894124326471626,67.18912068752441,44.418340687836654,689.8072718486281,16.60326318057415,2.0694218155458843,34.57813016602616,13.183085018586647,41,16.70907782370359
2026-01-01 12:32:00,31.969781857499626,38.193348546998294,67.55867735674389,479.40312272707797,16.839775888506416,1.438209368181234,24.38840523282254,11.878888220441766,67,16.957479051651724
2026-01-01 12:33:00,21.721696512998015,44.16345459459474,50.889407006988016,658.6771682367803,17.771419864119785,1.9760315047103407,34.80815936173108,12.308118649706332,41,17.61518441318246
2026-01-01 12:34:00,14.874522543218553,84.22400901923932,86.14456860213242,399.67134810498993,17.973203946232914,1.19901404431497,21.44353307322099,12.109192392971215,61,17.88430517131455
2026-01-01 12:35:00,37.790881624460354,40.33531539699943,86.60356750457565,402.34186848118503,17.25815610829805,1.207025605443555,20.622158377604233,12.3046818967117,46,17.085104313115252
2026-01-01 12:36:00,31.702546457497974,52.89917877105556,0.9910695491153643,978.8332692745184,17.958785144737938,2.936499807823555,52.57741255463732,13.129145312879333,43,17.904790054662428
2026-01-01 12:37:00,28.671138219171254,82.30987961772102,77.80463064831991,447.6784478822188,17.30542620007294,1.3430353436466564,23.299548389490226,12.346048516628443,77,17.348425340934423
2026-01-01 12:38:00,41.28624040678352,69.54049451872692,46.073360024167386,669.2659811007649,17.397040436421804,2.0077979433022946,34.664041889548244,12.777105641998263,78,17.26470634417281
2026-01-01 12:39:00,37.60090239285857,24.35422583152919,98.88405413036631,328.24408076889665,16.57819513900776,0.98473224230669,16.328339585345937,11.729843317225143,59,16.581501939143937
2026-01-01 12:40:00,15.308620790646291,30.311213099527926,48.323207587543514,654.1623501551336,18.695002954073342,1.9624870504654006,36.645361294341676,13.351540694439645,45,18.672918777044305
2026-01-01 12:41:00,20.91027237284419,20.54891135403418,98.68959453882975,350.82604467038766,17.92486189195531,1.0524781340111629,18.870032368710884,12.350743838990688,48,17.92914432986286
2026-01-01 12:42:00,18.6971198935063,64.16452531604143,75.45693612057366,480.41869553628516,17.514859358964618,1.4412560866088553,25.66812202147547,12.991628565776688,70,17.80954978089302
2026-01-01 12:43:00,36.038120240043696,51.33713977872928,24.860488461330633,800.462927570771,17.493755027779613,2.401388782712313,41.623947825452035,13.168396083822216,65,17.333281526550127
2026-01-01 12:44:00,11.173635215752277,29.399239563159288,53.83949792869577,620.5525886340904,18.61069512603736,1.861657765902271,34.5553369793189,11.982220120856912,75,18.561594731441584
2026-01-01 12:45:00,29.94613897049608,87.05538847397393,99.21356394785828,292.4715499218637,16.954877693941068,0.877414649765591,14.847518915104079,13.534752465392705,65,16.921895387854217
2026-01-01 12:46:00,36.68605400092417,57.076180676193395,85.75306077519237,355.84092517725304,16.51197003807915,1.0675227755317591,17.63349881989315,12.917315778695992,67,16.518147644306204
2026-01-01 12:47:00,40.68679728666123,36.93253058790224,9.73668937912211,963.832593148421,17.733999538132778,2.8914977794452628,51.23056516721964,12.486067826028407,44,17.717656756094165
2026-01-01 12:48:00,21.97286120505676,55.04224998082953,70.6371996809996,519.6024530774029,17.914322203234057,1.5588073592322085,28.018081566129354,11.919370922229906,49,17.974050096818683
2026-01-01 12:49:00,38.744005663520454,67.57342329145754,34.5579585870813,768.7584362484172,17.358697627180042,2.306275308745252,39.89173555592929,13.667292157172776,57,17.297039691949315
2026-01-01 12:50:00,13.872110793432253,25.336745258149513,0.6982261880348117,998.4204898897505,18.47074240997747,2.995261469669251,55.716213187596,13.236656869502738,54,18.60145224441738
2026-01-01 12:51:00,39.62583021070814,39.22926705335244,40.34809690269996,689.9229703072516,16.87629453792905,2.0697689109217547,34.89151790048101,11.978456494286473,72,16.857687694681992
2026-01-01 12:52:00,14.462103181619383,76.48758436187956,23.47544217249713,825.9995620014115,18.643497388662087,2.4779986860042347,46.059404199411034,12.276734781865716,44,18.58734004160498
2026-01-01 12:53:00,23.905055169612854,52.176540928186284,81.88692705204716,443.6271261313502,17.400346810433085,1.3308813783940507,23.184238052670366,13.36225079360257,76,17.420213723815376
2026-01-01 12:54:00,37.90533780228438,58.26039994226064,33.733060884576545,742.8441732123141,17.237867562523032,2.2285325196369423,38.33249933867661,13.100058625395281,79,17.20078078327593
2026-01-01 12:55:00,15.247109957207083,50.29712015466285,82.7523693953817,370.09802790731186,17.948050735789188,1.1102940837219355,20.037681817356646,13.261303873246167,61,18.047184175012614
2026-01-01 12:56:00,18.02379883314245,23.07299598501036,0.05979388347953085,995.0393226600248,18.69142222872783,2.9851179679800746,56.08441102685339,12.514762535089744,61,18.788004905817427
2026-01-01 12:57:00,35.27883989375732,31.602484587410913,30.781915002611914,781.6914439011659,17.757895419366044,2.345074331703498,41.58807280859106,13.147895404076984,61,17.734223707263403
2026-01-01 12:58:00,35.2012787791126,51.187914711932365,24.116521430776196,833.8956183128608,17.410509809300315,2.5016868549385824,43.38589165256699,12.388935562587001,54,17.34265484383821
2026-01-01 12:59:00,32.4401671509854,34.64298257855495,23.3567361068611,851.073220122263,17.448476593346612,2.553219660366789,45.02848786679965,11.985904708957852,56,17.635963158896782
2026-01-01 13:00:00,34.2881955563485,23.498532006177513,6.81866197654627,965.0214824088004,17.987120848398874,2.8950644472264013,51.9227457380216,12.955157180135128,67,17.9349187848878
2026-01-01 13:01:00,28.995355517165866,79.05547648362767,18.712427041050173,874.1884068175273,17.946810352532943,2.622565220452582,47.209138784869694,13.744832028877227,61,18.001130502570575
2026-01-01 13:02:00,18.812967061743347,88.6834770414881,55.55495698856199,635.0259288418004,18.349086007962313,1.905077786525401,34.993167216216676,12.214382234209259,60,18.368366616693056
2026-01-01 13:03:00,22.09935977263718,75.52000117977175,29.13610728377445,765.6678533973126,18.04368934028842,2.297003560191938,41.754106397576805,12.560230062088841,56,18.177641132644926
2026-01-01 13:04:00,16.3559200880499,79.76494451932669,41.73947823291479,717.9152886591443,18.59353702538866,2.1537458659774327,40.229170213373884,13.050203153460664,44,18.67869874940733
2026-01-01 13:05:00,41.79576964667699,36.938399122193175,37.68668803471885,748.723951023707,17.28791353709937,2.2461718530711208,38.61461643408527,12.745464448881723,57,17.19130100454634
2026-01-01 13:06:00,30.418712816814217,87.24388828592399,87.59049249998945,362.0753067784691,17.287897146242745,1.0862259203354072,18.77499228347669,13.439883930130813,56,17.284610808844725
2026-01-01 13:07:00,24.029799586727396,33.78479931173999,90.52989990105155,336.2332885189914,17.24987912391427,1.0086998655569743,17.438561605400636,13.252008224879887,43,17.288156964085225
2026-01-01 13:08:00,26.170203127544642,86.60008672532825,49.295697165586006,640.0112773113859,17.692715366703542,1.9200338319341579,33.992978240659944,11.63408356888342,46,17.704364201966644
2026-01-01 13:09:00,43.15491688641354,89.63735057761657,33.01559503156044,755.660005928771,17.256854227806805,2.266980017786313,39.01004036119141,13.79636883802468,64,17.207933045340376
2026-01-01 13:10:00,15.367299109062806,69.8205964022234,10.680070400236364,940.3078964683941,19.058741972984397,2.8209236894051823,53.638996585924566,13.230525643554776,76,19.014692523368062
2026-01-01 13:11:00,30.518044120587902,88.68006122542754,95.3402879382095,320.32720875871166,17.142933296931144,0.960981626276135,16.48125387571379,13.486977627476461,79,17.150435996970824
2026-01-01 13:12:00,27.70610376095631,59.86778456969726,6.022694490029745,940.7141682041677,18.16842762096118,2.822142504612503,50.965443194823855,12.997754737819298,79,18.05913170987151
2026-01-01 13:13:00,31.400898240212673,38.16792482232633,29.765027756828044,779.4121309683126,18.021586554038173,2.3382363929049377,41.91181243298137,13.469455794507553,48,17.924540290347505
2026-01-01 13:14:00,10.633856433729418,50.589711996593465,29.806620117000413,813.7263058640813,18.341838108766712,2.441178917592244,44.67479699274775,11.758480842336033,58,18.300500905853674
2026-01-01 13:15:00,40.5243368130453,61.54926547651502,32.04012861402149,775.9799671893886,16.90876738812145,2.327939901568166,39.34988099428925,12.299797021786427,48,16.903306209830443
2026-01-01 13:16:00,42.624139886926436,25.115709341891048,16.428684327240926,881.4141892021754,17.442973243702575,2.6442425676065264,45.949640714589954,13.515768170290334,62,17.37724113419062
2026-01-01 13:17:00,29.77966142562231,63.56402852320723,78.31614309236971,449.58688837939104,17.269645674718717,1.3487606651381732,23.25023163324821,11.963806985913852,70,17.238218932538597
2026-01-01 13:18:00,34.38277883569123,88.68244857336062,12.249786196598922,940.092703310338,17.968182850586373,2.820278109931014,50.37609764659384,11.679956826734053,71,17.86210284340578
2026-01-01 13:19:00,42.28747834120535,33.307535484860935,63.49066591531628,540.5819040607213,16.849336581191032,1.6217457121821637,27.17945337310363,13.312673561874004,70,16.759380443517202
2026-01-01 13:20:00,34.75335220096895,75.48165814018682,12.384602670581746,939.6179471247298,17.734123059417648,2.8188538413741893,50.27693180159259,13.421618157979582,56,17.83594844955942
2026-01-01 13:21:00,15.338866501999147,83.55291556457335,7.053563759295656,954.8349796633604,18.443832263122275,2.8645049389900814,53.14352329823346,11.874100101836772,78,18.552428580196445
2026-01-01 13:22:00,30.170092605838462,86.05911149741546,90.94295036858765,360.19095978037956,17.125754072154177,1.0805728793411387,18.581400512569207,13.464995760400246,61,17.195879026594586
2026-01-01 13:23:00,31.235026623399957,87.2094923083813,19.01287663187057,916.9278735355916,18.160137253781603,2.7507836206067746,49.68609347366566,13.07956592987349,74,18.06252338477491
2026-01-01 13:24:00,24.84457349558351,56.502174710503034,82.12501545597043,404.0121020122351,17.500268699348297,1.2120363060367054,21.40201540236979,12.696190171398143,69,17.65789959902542
2026-01-01 13:25:00,35.7755482468653,88.41155355940526,54.46308711071358,611.6846750336648,17.620936198047772,1.8350540251009941,32.26292978269328,13.409575443397186,79,17.581460459136974
2026-01-01 13:26:00,42.70284551691552,73.01171449941072,7.78565196087696,920.8518114905813,17.381209439199868,2.7625554344717442,47.916400055300265,12.464273273433621,76,17.34495513009057
2026-01-01 13:27:00,42.39489795173717,31.317000536587333,95.54481914380675,350.23550540407626,16.626655383757313,1.0507065162122289,17.347574965396635,11.946186099313813,65,16.510390577888693
2026-01-01 13:28:00,25.77937799914462,53.3830074527579,24.696116699189254,860.9109617787088,17.765796918942453,2.5827328853361267,45.8377312700683,12.15516115620441,45,17.747763049876063
2026-01-01 13:29:00,13.963331604426434,70.28318227604028,85.96453453526065,431.6467138812682,17.758700271314506,1.2949401416438047,23.17039142059588,12.661877242074624,73,17.893021210372897
2026-01-01 13:30:00,44.46944196368171,37.31382210733584,16.88100057845642,906.3119710137252,17.051443947470368,2.7189359130411757,46.622625783571806,12.722060823148304,71,17.14737944353518
2026-01-01 13:31:00,39.361433025607695,64.84306284842211,85.39428821418528,398.2875731447838,16.771224066702278,1.1948627194343513,20.18054263494813,13.352835900814839,64,16.88942361889206
2026-01-01 13:32:00,14.36319384211434,66.66203353326335,1.3228812905293985,983.4350114164973,18.630998203567785,2.9503050342494923,55.125837672280966,13.32011126440037,52,18.6847926002011
2026-01-01 13:33:00,42.22946589160803,31.38898206659961,51.178045656948065,608.3302849514823,16.991999980054196,1.824990854854447,31.04362393807457,12.837143081570522,77,17.010290136796588
2026-01-01 13:34:00,40.44637267217449,59.55597187169294,76.94425794215569,502.10766510854603,16.663974368039316,1.5063229953256378,25.276880921160053,13.295806611740597,77,16.78051852066142
2026-01-01 13:35:00,28.159331999412522,74.01388376850254,93.47955174927833,355.02269931802107,17.28620002504868,1.0650680979540632,18.25434466462034,11.941078954075444,41,17.13913382598345
2026-01-01 13:36:00,30.694640251072524,54.92269651751593,90.92021362064871,353.7193665580694,16.963097693914886,1.0611580996742083,18.141161819682132,11.615148412314577,44,17.09562583111013
2026-01-01 13:37:00,23.96509463545456,20.84721817432752,81.96248695476449,452.82372909638804,17.587359929807533,1.358471187289164,23.709057453484657,13.509357792059811,50,17.452749587421284
2026-01-01 13:38:00,11.916657358771097,20.63269283555045,88.8191349661304,358.81076490188724,18.02509213293968,1.0764322947056617,19.275216510787974,11.67377533565437,50,17.906575829795745
2026-01-01 13:39:00,21.731903457606535,44.99205407790085,19.92196858370765,868.6786605985,18.015295891828305,2.6060359817955,46.71440844009439,12.067383388411194,63,17.925465636859403
2026-01-01 13:40:00,38.099870700930396,84.83358479022473,28.418429571172876,797.6184103159733,17.222466578212188,2.39285523094792,41.376877547081314,13.099233584136085,53,17.291843238961864
2026-01-01 13:41:00,10.1621208051611,36.007374572252616,28.89685249210585,810.4955753528652,18.695888781459185,2.4314867260585955,45.37553892728125,12.441730256542812,69,18.661643693541496
2026-01-01 13:42:00,21.672471009190048,64.40545822101811,37.70539310016988,734.7907775150884,17.83762930458825,2.2043723325452653,39.60235667575208,13.515522130805671,79,17.96536641794331
2026-01-01 13:43:00,23.935904275683015,35.54531094853244,39.33206703851887,695.6569729081434,18.071155561599447,2.0869709187244303,37.5238724756256,12.18535352772322,74,17.98006485809607
2026-01-01 13:44:00,28.8088461028273,42.5168992761684,54.45553246546755,620.3228001951279,17.664369807555808,1.8609684005853837,32.88660236217219,11.527304097339526,60,17.671768285709433
2026-01-01 13:45:00,42.19494657444662,79.36294627210387,15.987976336644138,909.0614484809983,17.30935172346896,2.7271843454429945,47.31742221816069,12.191507973289712,44,17.35028374492763
2026-01-01 13:46:00,22.122109802808644,71.02030095889629,69.12466637859893,515.5430072327277,17.793917574132927,1.546629021698183,27.709857259358532,12.829572613125114,77,17.916292058798554
2026-01-01 13:47:00,22.14336206636797,26.677949411924743,16.75665393045065,898.2057249186271,18.15750225736271,2.694617174755881,49.595110487140296,12.364658263427575,41,18.405252869225613
2026-01-01 13:48:00,35.81254368384119,50.00914146905035,31.030848210454753,761.8734728133358,17.239317701363237,2.2856204184400073,39.63990755703257,12.730207338245137,79,17.34317178706681
2026-01-01 13:49:00,25.82762793114325,22.041883455168513,50.33451306061541,647.1331927102951,17.748026954926694,1.9413995781308855,34.2399734481995,13.516175673320543,76,17.636747135365404
2026-01-01 13:50:00,17.861168802899368,53.66231026221063,79.64405615234773,430.0013978317944,17.824224761108614,1.2900041934953832,23.04529036883562,13.598715624729849,73,17.864508103956094
2026-01-01 13:51:00,25.83538306464427,66.37038081907477,73.94692332387272,497.3111535349851,17.602018113339142,1.4919334606049555,26.28630253624277,12.111740348704458,50,17.618950999050647
2026-01-01 13:52:00,14.929995713292996,28.29518365187061,64.55343564105223,548.7557817578743,18.471758184207307,1.646267345273623,30.301530535141072,12.562923088520773,75,18.406202748378462
2026-01-01 13:53:00,16.173544527717816,40.221945723641596,15.577326058017016,904.7601911206132,19.017264557094677,2.7142805733618394,51.128082550025226,12.763031235055339,50,18.83669766928305
2026-01-01 13:54:00,27.442872045881792,47.848563785150986,54.70453456155777,638.822466592253,17.66029596178742,1.9164673997767592,33.59144865859916,13.68295865084297,48,17.527795496292857
2026-01-01 13:55:00,24.662390732659176,84.36717172592348,8.744650179988545,952.619820242508,18.128175437323733,2.857859460727524,52.085657358249215,13.796819834078086,45,18.225408937705353
2026-01-01 13:56:00,42.0196065373835,89.52785107960749,37.73631767966508,741.3081449282173,17.000928394362962,2.223924434784652,38.240793086259316,12.04143667233551,73,17.195185451506703
2026-01-01 13:57:00,22.683786469082158,23.14379092969311,41.35165302899592,690.5741836268005,18.401232933507895,2.071722550880401,37.63340262515576,13.172053704095376,76,18.165271507597886
2026-01-01 13:58:00,30.32059225973152,73.27055464467745,3.9811439445753827,972.0762701746343,18.406777847182283,2.916228810523903,53.01668599599028,12.36947144313635,71,18.179878686016337
2026-01-01 13:59:00,32.12925007718356,46.02068464816402,27.398809946997183,797.546522330703,17.645927072713537,2.3926395669921092,42.17525315729579,11.51864885283829,51,17.62708171307061
2026-01-01 14:00:00,10.458305980591676,47.472073036063605,95.56494672664894,324.164093779373,17.63547748659559,0.9724922813381189,17.273919734662297,11.521280801602575,71,17.762526311153774
2026-01-01 14:01:00,33.22380802058487,72.7985481342916,95.36326078296895,324.96649150421234,16.772794714367347,0.9748994745126371,16.25788384897208,12.55930181739319,56,16.676472060977954
2026-01-01 14:02:00,16.2312588404413,84.2898502501786,35.23270542525393,733.7725505275777,18.382824218031924,2.201317651582733,40.49020607650648,12.62317029990997,43,18.393622586633185
2026-01-01 14:03:00,43.63746111143093,86.56500161517839,4.310010894832406,930.6831519534934,17.3212986759329,2.79204945586048,48.39346743126455,11.551910302118918,72,17.332596788243563
2026-01-01 14:04:00,15.203195471358953,60.39858102268246,17.909493932818155,861.2706815037176,18.451456258311264,2.5838120445111525,47.44398356578187,13.079933058580895,48,18.36201037400075
2026-01-01 14:05:00,24.511844330445832,44.99848115103519,39.221779343354015,729.3151336350049,17.9607318807954,2.1879454009050145,39.22394134651435,12.176207793768393,73,17.92729440610807
2026-01-01 14:06:00,12.987238382752535,75.12843601011454,94.77796979692297,309.59067051298945,17.87268746692472,0.9287720115389684,16.709787060284608,12.787754133532683,78,17.991268958026215
2026-01-01 14:07:00,44.890598814608154,37.57009682836102,14.119906353718491,901.474300253403,16.89496198464007,2.704422900760209,45.778946051341045,12.192113868280464,69,16.927436178148266
2026-01-01 14:08:00,27.57682536159349,59.485182018346244,76.35158436682123,503.54427791847075,17.713589882025047,1.5106328337554125,26.658854547247763,11.884408924199407,59,17.647474589158914
2026-01-01 14:09:00,30.838475606201534,45.10049230674112,10.868253937469207,944.3833535427605,17.900170242532596,2.8331500606282813,50.56930629640353,12.436499598777413,78,17.849145020292095
2026-01-01 14:10:00,12.347676708594962,65.96417515955133,98.12575773912768,345.9905260085169,18.229326233534206,1.0379715780255507,18.894325941248496,12.034228739018152,62,18.203124576098357
2026-01-01 14:11:00,36.248616463971224,36.82792390254548,38.161649910913496,740.6910081622601,17.33525749533724,2.22207302448678,38.31279465616338,12.730042246914087,74,17.24191519988965
2026-01-01 14:12:00,17.3466957583455,33.4115062014378,77.5234538899056,480.6860192303898,17.66219744556975,1.4420580576911695,25.522075832604813,11.957305619658904,62,17.698369144351474
2026-01-01 14:13:00,41.43190013042498,84.2767360672806,34.259108281113186,745.706947422852,17.02320499416659,2.237120842268556,38.04299610685764,12.669333746282643,78,17.005338016644682
2026-01-01 14:14:00,17.17988741687025,27.126257806467585,62.76688771588087,547.7449806483943,17.656035565495856,1.6432349419451828,29.56770153012084,11.861970584198396,62,17.993593475513617
2026-01-01 14:15:00,16.67407022322833,55.41705354144521,19.201608474003674,810.8059365592248,18.309844392938842,2.4324178096776743,44.646565307774175,13.043241831817307,76,18.354809412323124
2026-01-01 14:16:00,11.27923837468332,35.45969480741063,14.602101929696254,921.5081959729721,18.901490381768234,2.764524587918916,52.04245207135717,13.234056674215276,62,18.82510009091067
2026-01-01 14:17:00,26.522343078849975,22.725097432796723,93.80641395681313,374.1615818987058,17.31287880212908,1.1224847456961173,19.47726354288988,11.753906738774848,78,17.351918248840796
2026-01-01 14:18:00,29.769439664191573,22.52131728039985,91.76472779044335,346.58336055995125,17.00054444449936,1.0397500816798537,17.72479347163212,12.57594554768588,67,17.04716718367107
2026-01-01 14:19:00,12.299802379992332,32.265524047407915,88.74689402128824,373.69270772303764,17.878181168617058,1.121078123169113,20.159592802245054,11.66300491150621,58,17.98232646379454
2026-01-01 14:20:00,37.14346658432537,80.67392481542001,62.543345016659345,547.1193426095654,16.771996994130472,1.641358027828696,27.364163642746764,12.875819624746606,69,16.67166040485756
2026-01-01 14:21:00,25.86510921618097,39.77351207839187,80.82682112162783,441.86532317815505,17.552728454514334,1.3255959695344652,23.19512202315282,12.108129885238185,60,17.497882127160278
2026-01-01 14:22:00,28.353659426465303,86.5321419402707,6.903693691137491,974.1727950681023,18.158277021522863,2.9225183852043073,52.826669505278076,12.713536250729028,63,18.075735561740554
2026-01-01 14:23:00,25.426696142837983,60.71356050924355,33.47890418906792,730.7922311989037,18.02429073955724,2.192376693596711,39.8944860618521,12.69016032158387,60,18.19691213575303
2026-01-01 14:24:00,24.02670713063641,50.562993283813626,31.37031247571562,788.5965832828356,17.827601480615076,2.3657897498485068,42.21431595399527,13.626014996245742,65,17.84364648494164
2026-01-01 14:25:00,29.587411595787625,60.60621842686182,63.56453219526132,549.5148391987879,17.005231512533896,1.6485445175963636,28.08005872705914,12.762891411908063,75,17.033242613308897
2026-01-01 14:26:00,15.433408607574938,56.168886965838745,35.59577734706405,753.0974464098854,18.503532267362232,2.259292339229656,41.868278051072515,12.840896503352127,65,18.53158943802209
2026-01-01 14:27:00,16.36748456733449,73.11433776301277,14.85067816436808,905.2251328829092,18.597166120248446,2.7156753986487274,50.671159601878784,12.423802189258074,72,18.65876887462024
2026-01-01 14:28:00,40.162496735473106,39.774724618099654,59.646707541354374,578.708998435063,16.67364162959471,1.736126995305189,29.00764744012655,13.68288308732048,75,16.70825205677271
2026-01-01 14:29:00,43.11404117467715,44.713527412021165,81.43839206690815,427.85951846352737,16.315101906231284,1.283578555390582,20.832656353572307,13.287527591711102,43,16.230137427960617
2026-01-01 14:30:00,23.065826069791353,82.58660117732755,38.21234944599732,728.236050526926,18.105256983102898,2.184708151580778,39.97260471189183,12.156432167696536,48,18.29654211843768
2026-01-01 14:31:00,19.476063560024382,86.25195592052839,13.22687150984817,926.8182234668284,18.926975712123422,2.780454670400485,52.13142926148526,13.441682047285335,47,18.749246235320378
2026-01-01 14:32:00,32.539984013365554,82.4790759240532,19.668819731282305,870.6934610835738,17.279933751718506,2.6120803832507216,45.0101927856068,12.494511628425707,41,17.23154963921586
2026-01-01 14:33:00,24.305695988433374,49.36135957701195,23.7483305169384,838.1733571361784,17.996097440865277,2.514520071408535,45.26219266220936,13.405934430127267,68,18.0003306304313
2026-01-01 14:34:00,10.88852244811207,74.62558521048172,29.989759299453624,764.652650481979,19.076074678911436,2.293957951445937,43.5516892519939,13.392642557075055,62,18.985391264274142
2026-01-01 14:35:00,15.465340907816662,53.343501331076915,64.27950705063091,542.4718557813206,17.850044752208728,1.6274155673439619,29.285714554080673,11.934401429554566,45,17.995228226725573
2026-01-01 14:36:00,35.05902800965892,54.82778965022715,60.0945484537719,597.3115440303802,17.028423378242195,1.7919346320911407,30.632931638574846,13.112624602182228,75,17.094893468757295
2026-01-01 14:37:00,33.062337966855296,34.32760763400988,69.60798615670392,513.498028365551,17.098470735440635,1.540494085096653,26.358744630889333,12.168478829405021,60,17.11057827867969
2026-01-01 14:38:00,10.948359737621923,61.37912122809615,36.25019845315131,759.4392402197236,18.554117515738074,2.278317720659171,41.96105668824022,12.184233140983137,61,18.417561478694857
2026-01-01 14:39:00,17.76902566765323,33.029512842734356,82.39976518799783,458.5318796905679,17.503741729194928,1.3755956390717037,24.084466839540887,12.181600576825335,48,17.508391387307583
2026-01-01 14:40:00,18.0876178805825,43.20952893470356,20.40876611557603,877.9107585751441,18.718000173099053,2.6337322757254324,49.17966884159108,13.168806969387882,73,18.67299470598054
2026-01-01 14:41:00,33.516246025955496,79.85211411339546,46.90407475181539,673.5346434912872,16.95694438309601,2.020603930473862,34.38239903296181,12.028599896122833,65,17.01590228268962
2026-01-01 14:42:00,10.689868821402746,34.495306644759864,80.09387215414303,429.1231115170843,18.257329723523988,1.287369334551253,23.441251861820064,11.502083421066008,40,18.20864551662724
2026-01-01 14:43:00,13.643800369460084,24.981079962140296,18.015864773261924,822.8179546660485,18.947076771375045,2.4684538639981457,46.35596601235739,13.145044763010057,75,18.779352812077597
2026-01-01 14:44:00,37.99706298806163,24.830531482897143,10.986311374078294,919.7281219319949,17.33904644288209,2.759184365795985,47.56694169467076,11.893724910820788,44,17.239493773714678
2026-01-01 14:45:00,16.249063171901675,85.85491643521755,88.36839676879897,374.90097270207025,17.60689902116122,1.1247029181062107,19.811692086616507,11.74030950920802,61,17.615044619939006
2026-01-01 14:46:00,32.84611377481561,55.484430657328424,34.29296627591959,767.7565599564704,17.86951407359879,2.3032696798694112,41.00272620096624,12.046287077366339,43,17.801964988872243
2026-01-01 14:47:00,18.33639733663543,48.65884502719128,68.3870124909032,518.2128080241838,18.07482938471063,1.5546384240725515,28.010041265208205,12.373771201342219,41,18.01707768924991
2026-01-01 14:48:00,13.48044874657708,76.76150067055428,2.534860426393848,975.8482758265071,18.76695160220486,2.9275448274795215,54.79278627879913,12.594584553188362,55,18.71629283503513
2026-01-01 14:49:00,18.51102668498089,78.50781495373613,69.00468884094497,481.3791995032409,18.198162601764093,1.4441375985097227,26.120069471380265,11.60251109363905,55,18.08696726567805
2026-01-01 14:50:00,35.27934261494807,43.25337231809232,31.61013115469705,759.9297253341194,17.777682372328385,2.279789176002358,40.277570215407714,13.73231866504293,61,17.66723460194464
2026-01-01 14:51:00,39.94937638372,68.55326402316567,5.574085358744174,970.5144233048019,17.549397494686854,2.9115432699144055,51.13285294240252,13.146945022864983,40,17.562113354374343
2026-01-01 14:52:00,39.05769525984471,73.97859710963206,60.9812761548117,607.449219538972,16.892444926889265,1.822347658616916,30.666934780351934,12.243346350245973,54,16.82825702074149
2026-01-01 14:53:00,23.90142353664592,65.82554808061681,24.080381607317324,829.4868210738662,17.978159821968166,2.4884604632215988,44.83327157494355,12.233003691756414,63,18.016469314084144
2026-01-01 14:54:00,33.382979779972615,30.611655236006957,38.680724205188,735.7911520351664,17.44950784821364,2.207373456105499,38.72133699682045,12.531647863547457,43,17.541815087845197
2026-01-01 14:55:00,17.174450339553733,81.311815846194,8.058081228651359,962.6429945384965,18.57057363343016,2.8879289836154896,53.70832572114867,12.940363092354977,57,18.59752300900056
2026-01-01 14:56:00,20.260170559135464,57.73661869152061,14.716325109494532,880.7678455095332,18.53830686078054,2.6423035365286,49.003988782502965,11.836658053154625,56,18.5459346759545
2026-01-01 14:57:00,41.37175364823919,39.77306984590026,29.797723549584376,798.7522160186182,16.707427726676304,2.3962566480558545,40.4334422111209,11.93453857165939,46,16.873585825594102
2026-01-01 14:58:00,10.455067322875761,49.76597298063857,8.975950056015714,922.3585474812469,18.697965005206505,2.7670756424437406,51.500623002216045,13.476699540517167,49,18.611931749264834
2026-01-01 14:59:00,12.992798579906383,22.629976327923515,91.08262646863152,379.71810348939965,17.729378906275027,1.139154310468199,20.511739471369737,12.089386324944867,40,18.00611144853527
2026-01-01 15:00:00,17.276018930110958,28.950676085569228,0.6047043183978418,998.7951307302498,18.857564560777078,2.9963853921907493,55.69106720021151,12.374448495342909,41,18.586082866828445
2026-01-01 15:01:00,10.92862713558369,73.58827253611025,48.38602188643114,667.266883074611,18.529247158272817,2.001800649223833,36.79121272855047,13.50392525718527,61,18.379059244893185
2026-01-01 15:02:00,16.350240228142905,20.00081443287563,12.324745813255145,898.0748073588422,18.199887983379007,2.694224422076527,49.10490429178084,13.025240007619592,71,18.22598885579624
2026-01-01 15:03:00,30.406454633939227,49.15960799376045,30.767908947794854,798.7652845576519,17.73267700015553,2.3962958536729557,42.49048153512106,12.285937322485884,68,17.731734364099154
2026-01-01 15:04:00,24.749859270737428,56.57571267599119,92.60595598182655,393.4525665518345,17.42243205204945,1.1803576996555034,20.528940300984623,13.072508955166628,74,17.392134864690725
2026-01-01 15:05:00,41.24350988769412,23.82440940006806,16.169455327398687,866.655578799645,17.359587631406214,2.599966736398935,45.28753014037605,11.545271395377252,56,17.41850367020511
2026-01-01 15:06:00,38.61052466084543,88.1154714080633,96.58323197183326,317.1221960442167,16.62820020240694,0.9513665881326501,15.801188951225653,13.19197811802614,51,16.608938287648247
2026-01-01 15:07:00,21.963607309425658,35.82877318747703,20.579437698942172,860.5760855907666,18.201762949496604,2.5817282567723,47.0291826109272,12.62013689318735,63,18.21616294726677
2026-01-01 15:08:00,19.07982017009524,41.293910374539664,74.15661084668295,496.63184831313566,18.06692961959991,1.4898955449394071,26.9318836011169,13.370318938754261,69,18.07635689132301
2026-01-01 15:09:00,23.28923428585434,41.27597585785192,54.66772648973117,606.1349888660924,17.55039341466477,1.818404966598277,31.88072558107238,13.695666599614878,69,17.53224730831671
2026-01-01 15:10:00,30.660322988018272,36.1291663482145,88.44787275967592,324.20428487941376,16.979215341852324,0.9726128546382413,16.641958505316786,13.629313663837507,59,17.110568121687724
2026-01-01 15:11:00,19.382227428800668,20.1031675460418,55.399325550313094,639.3885110310889,17.709698934560897,1.918165533093267,33.962543969634545,13.591309599947284,46,17.70574196214753
2026-01-01 15:12:00,31.84521177471969,71.05413558615975,53.45592191563087,641.0186689822668,17.267939813399,1.9230560069468003,33.17578346865729,12.677990898647941,77,17.251595038737253
2026-01-01 15:13:00,24.329407826693416,87.67918498594997,19.54580003683999,828.3204491323868,17.846363817974837,2.48496134739716,44.315505646385056,12.328326862519559,46,17.833478855839246
2026-01-01 15:14:00,29.321651329819307,35.700543829953155,16.62293620516587,871.4880707282477,18.025954971148177,2.6144642121847435,47.184642341118234,12.569581246880547,69,18.04753804669179
2026-01-01 15:15:00,25.264428519736086,66.41330342623957,91.64891511155142,389.8212428096866,17.472214169105587,1.1694637284290599,20.300052386402555,13.086760807620731,51,17.35842839150865
2026-01-01 15:16:00,20.30630158396712,71.93274288711007,32.78381988500341,799.4691891741335,18.195822800156094,2.3984075675224004,43.72581939758116,13.53319488680373,70,18.23118805564425
2026-01-01 15:17:00,43.19586574367548,79.38977653633674,37.20822549628959,758.3152219795518,16.829065538921984,2.2749456659386555,38.23349430091985,11.976068496900275,57,16.806332948239664
2026-01-01 15:18:00,36.72620279559163,49.584043790952634,75.98236584283885,464.6011904209309,16.980382700057792,1.3938035712627928,23.48650025517191,13.611844264461919,41,16.85065294666524
2026-01-01 15:19:00,14.90396115182584,41.205163394830045,33.882348242280734,764.483310680285,18.29089623376528,2.293449932040855,41.96745924458884,13.374914533530745,72,18.298833847767312
2026-01-01 15:20:00,40.396379156426946,42.77065938161218,95.20624466390028,330.93777125017556,16.624725028771515,0.9928133137505266,16.483956147280743,13.75136883490994,50,16.60327870202476
2026-01-01 15:21:00,27.060091938732977,69.88349331689591,73.79277689988002,506.01535736621656,17.248161748414862,1.5180460720986497,26.198135824960207,13.52457907854788,73,17.25780021204635
2026-01-01 15:22:00,41.309327941293205,77.17456265539452,59.742924257342,564.2826820687038,17.220653478435768,1.6928480462061115,28.94248169161561,12.143855858291385,55,17.09691649907941
2026-01-01 15:23:00,37.99493395815603,32.71297774296219,88.08951605447525,367.2573945209892,16.340250847790234,1.1017721835629675,18.031629231834152,11.74369859609131,74,16.366023303948865
2026-01-01 15:24:00,24.882472656423168,45.96587057104357,4.960590834948276,985.4813558920824,18.251129892254472,2.956444067676247,53.57902809566947,11.758154465580654,72,18.12279443452565
2026-01-01 15:25:00,10.78642579120411,83.1358137724405,25.706269218920873,819.1688863573227,19.06451335250429,2.457506659071968,46.876625309835184,12.169813632730035,60,19.074872141968996
2026-01-01 15:26:00,19.403707578473114,76.46854637863174,46.50363342209099,702.0439131544393,17.95990676887079,2.106131739463318,38.00694322395528,12.91262256516444,59,18.045852741215594
2026-01-01 15:27:00,28.957197513130343,88.94008819337331,22.6978539471521,827.6847782303245,17.6486288758655,2.4830543346909737,43.653812381963434,13.349936750023497,47,17.580691558808088
2026-01-01 15:28:00,32.171737693915155,72.79737817774566,74.39051873021519,478.1708016817172,17.172016846958783,1.4345124050451517,24.67717616530078,13.5682757060576,65,17.20248363033435
2026-01-01 15:29:00,19.02606899016208,47.523664071954556,91.92080310537251,338.10611856551344,17.572827369807175,1.0143183556965403,17.761502817513723,12.934632784049235,72,17.51077727989726
2026-01-01 15:30:00,14.877462592548845,61.344648379624644,42.37701199309234,703.508169676825,17.92127463527176,2.110524509030475,38.399336835750915,11.512952019320524,65,18.194215073764134
2026-01-01 15:31:00,39.222558287975474,66.27099779731242,34.2132600111895,730.9362411816975,16.966622811403525,2.1928087235450926,37.20341709557566,11.928528585992627,76,16.96610228521403
2026-01-01 15:32:00,44.454076324624324,25.491907142198677,96.15507321375662,317.1618190846044,16.810753103645126,0.9514854572538132,16.038917879387196,11.729370268862747,69,16.856713633520876
2026-01-01 15:33:00,28.399156380594004,58.114787137270554,44.485243282754084,659.878219722159,17.463223261863586,1.9796346591664769,34.78128840469912,12.335646293808724,70,17.569549130516712
2026-01-01 15:34:00,16.008775004690623,69.65245799308266,48.90484004492832,671.544584349327,17.816440554038905,2.0146337530479808,36.005060298927305,12.653107285357615,72,17.871764654222886
2026-01-01 15:35:00,19.530756428177913,31.712491280074225,35.164987234190534,768.1768761558592,18.467099130196733,2.3045306284675773,42.69020721125238,11.59981351073069,50,18.524469444625996
2026-01-01 15:36:00,10.643673679161335,74.64422021978899,90.95484730121383,328.71081428181634,18.12829813900171,0.9861324428454491,17.881634963354156,12.301499344330008,44,18.13309671848677
2026-01-01 15:37:00,42.000458229617465,60.86409463598781,56.89554832818507,628.408876612716,16.602564471105744,1.8852266298381477,31.55736869018293,11.912113251638242,41,16.73929711723424
2026-01-01 15:38:00,14.12128790115494,86.65552499883162,76.21745871816447,516.4260915012459,17.963578302482862,1.5492782745037377,27.781581986728277,12.988261382395411,52,17.931950924456892
2026-01-01 15:39:00,30.178076642998874,22.96956087448242,81.18067183508863,432.6554248891064,17.46139534293594,1.2979662746673193,22.486972192248945,12.567826449445983,57,17.324773864415363
2026-01-01 15:40:00,19.59193272405221,38.57282962888269,34.18490419172582,747.8833854534263,18.170937626174418,2.2436501563602786,40.7061965195688,12.63923058794799,65,18.142844776479635
2026-01-01 15:41:00,29.396230088052768,62.10877155098768,43.369433132038004,752.900579895795,17.405242662674933,2.258701739687385,39.13052548395968,12.483691112476961,64,17.324343801752033
2026-01-01 15:42:00,32.79971359231524,40.759193854415145,84.84717744062647,379.6903879495645,17.4464541406909,1.1390711638486934,19.748074370161437,13.698845334119104,53,17.33699789522952
2026-01-01 15:43:00,39.04096312975206,70.00969148498694,36.32553516758102,746.1233831643149,17.253987777034094,2.238370149492945,38.344039078405835,11.993890787779595,44,17.130338825815677
2026-01-01 15:44:00,17.22474451162111,73.13036977653516,79.39351334518513,447.83785203634255,18.34664776905207,1.3435135561090277,24.397714318317963,12.68832779764091,41,18.15963389976994
2026-01-01 15:45:00,10.384854003046817,27.17611748465321,94.09923225744372,368.2083266069423,18.288836581523626,1.104624979820827,20.257448839539144,13.192839947240273,43,18.33875678135122
2026-01-01 15:46:00,14.790997052408255,55.96981249447374,62.3210373068007,570.9475183549309,17.89482111749931,1.712842555064793,30.774076119816577,12.780742150209495,51,17.96666951601542
2026-01-01 15:47:00,41.50065246468368,55.622338891373914,74.16272874518889,470.88822086790873,16.966284245772783,1.412664662603726,23.856992786118298,13.636748037148642,50,16.88793768094031
2026-01-01 15:48:00,40.58615271468803,45.84965391508787,80.50973120411349,417.4081941634465,16.58734276750377,1.2522245824903395,20.682387534541313,12.369327217974954,43,16.51651614553803
2026-01-01 15:49:00,30.90945857596079,85.30474037987705,84.50396488966425,401.6358093674276,16.81120819785388,1.204907428102283,20.16248793993789,12.56645435327831,48,16.73364066789231
2026-01-01 15:50:00,31.01809011517787,77.92544239112549,39.505333785679596,703.3241162813399,17.658090280883712,2.10997234884402,36.859448852293546,11.703601324993876,49,17.469162035458687
2026-01-01 15:51:00,33.27628360911894,68.80465673367458,5.126345917599817,965.0720849724948,17.9144584382379,2.8952162549174845,51.86293943395303,12.900697955419435,66,17.91332144735805
2026-01-01 15:52:00,16.137994751820735,70.00286450144984,40.187627123673956,707.4026865370726,18.254272618579922,2.1222080596112174,38.64892518493694,12.162887527430644,45,18.211656962615304
2026-01-01 15:53:00,42.004418107373596,52.32013006691834,67.37562297840898,498.48988328534216,16.538065426225966,1.4954696498560265,24.878788999771096,11.868710790885808,54,16.636104251374313
2026-01-01 15:54:00,24.65696837122256,84.46961647676031,45.03503857807928,709.8576457209431,18.324183371403603,2.1295729371628296,38.56795279557312,12.752421973680368,70,18.11065125900601
2026-01-01 15:55:00,23.40984848873241,68.62167990772997,74.89631508603985,465.7723439291403,17.565810395394198,1.3973170317874208,24.592032037669544,12.724313605773794,61,17.599464887515108
2026-01-01 15:56:00,28.162119684899313,71.02867431590715,35.69824294686639,724.7495632724291,17.529537105590602,2.1742486898172873,38.180586892732336,11.67450477481531,45,17.560358698406684
2026-01-01 15:57:00,11.643808837126926,80.31836326511416,63.474414110402954,552.3139185374285,18.402011511582437,1.6569417556122854,30.548515698115448,13.105895543037288,72,18.436686500683262
2026-01-01 15:58:00,15.819917906462779,39.18501125395337,18.641980485397458,870.873567921571,18.540359984085633,2.612620703764713,48.607415176879556,12.934676038496962,68,18.604849569950066
2026-01-01 15:59:00,35.831176574922964,76.49496327066922,74.93694366449569,440.51205983694956,16.341944595832107,1.3215361795108487,21.6928687720267,11.934739750316943,60,16.41488830071687
2026-01-01 16:00:00,12.897953377379427,33.66684220695444,54.56959688130259,624.6457751733972,18.37537114835646,1.8739373255201914,34.53243276551614,12.579700182954301,69,18.427741576645413
2026-01-01 16:01:00,31.110323831323587,44.17393665714215,20.40643885466006,836.2117766435741,17.690587622137304,2.5086353299307227,44.721861507987185,13.156742707900689,60,17.8271672149424
2026-01-01 16:02:00,18.587218838846233,43.49273179888899,29.191117349780725,829.8827547353507,18.29095562405056,2.489648264206052,45.73356245979073,12.717702203244936,75,18.369487416076886
2026-01-01 16:03:00,23.62534649146918,88.49678278723984,74.86087085818323,486.4531142342521,17.971648774136597,1.4593593427027562,25.942669789781366,12.409624875222212,61,17.776752462991833
2026-01-01 16:04:00,20.104280786974495,79.95760566235488,48.26012356615207,654.1811352347493,17.965144461002236,1.962543405704248,35.11300027936156,12.24137845358617,59,17.8915789466381
2026-01-01 16:05:00,22.44854507627322,69.08189031131818,21.60314403930722,833.8746363185024,18.338275076101045,2.5016239089555072,45.64384097678687,12.903905893281324,61,18.245684658428274
2026-01-01 16:06:00,35.16660668144859,70.89397331307731,96.72711903702977,320.8108125895193,16.57721488932007,0.9624324377685578,15.841150945037926,13.659950006113554,79,16.45949401057838
2026-01-01 16:07:00,20.399260046811126,59.345095608179975,71.51250198168879,511.6683009598443,18.062370982215214,1.5350049028795327,27.444287460445647,13.045013133098212,50,17.878957525778976
2026-01-01 16:08:00,29.824162410391402,86.29634669759633,95.71348325397962,329.49573465043875,17.266505165419684,0.9884872039513162,17.242822265465964,11.671915578363526,70,17.44364742056407
2026-01-01 16:09:00,26.66176407696849,54.73811270176531,42.71050453603432,696.6832921050227,17.439977152286943,2.090049876315068,36.7074737953736,12.559575439008908,79,17.562965463815598
2026-01-01 16:10:00,33.228490787692685,46.636239690892616,47.51003406917205,668.5971673321536,17.159138419126577,2.0057915019964607,34.578864231562676,13.548895502474444,52,17.239510785216044
2026-01-01 16:11:00,42.78904087636653,31.41247358521137,89.79552161850192,359.35417004574754,16.260603143023026,1.0780625101372427,17.580586449061926,11.7172635793425,57,16.307576122671986
2026-01-01 16:12:00,35.640023402358764,75.03439565827406,52.504934024538464,625.6013432913701,17.20234355092091,1.8768040298741102,32.341838683998,13.77441413791635,61,17.232400489979437
2026-01-01 16:13:00,17.52291325067649,71.4110752452914,70.72789119056672,463.1889128879328,17.611332696946725,1.3895667386637984,24.534232653250243,13.68285960538447,56,17.65603045222733
2026-01-01 16:14:00,11.091409727144963,46.904852696689446,25.217287749552998,842.9535103701764,18.866040146249418,2.528860531110529,47.65412413874283,11.680031305678714,77,18.844109254936214
2026-01-01 16:15:00,19.179241550493877,21.763538977146055,44.67264687026405,693.267427514587,18.303836591915537,2.079802282543761,38.06102037975044,13.646850637033976,64,18.300307052841017
2026-01-01 16:16:00,30.82772757450892,78.72981294026076,12.34498658103551,898.1159770520828,17.89037355002561,2.6943479311562486,48.397647805619606,12.335204957596764,71,17.962657029543436
2026-01-01 16:17:00,11.799903471948763,20.799258841785154,20.59800358769617,893.7886745132315,18.22944987534604,2.6813660235396943,49.46317178088957,13.442831084274484,54,18.447004753044798
2026-01-01 16:18:00,27.37281865204327,69.25898457403358,0.0943415267631087,1001.0799389205059,18.282725638272446,3.0032398167615177,55.20559187866742,12.462281676740524,52,18.382012508810316
2026-01-01 16:19:00,30.889499712091123,87.91799768082399,3.926505164866023,951.7915924064339,18.065762020524573,2.8553747772193017,51.74134942438654,12.513966759215787,65,18.12068588585583
2026-01-01 16:20:00,21.698536178593628,50.63629297037424,97.72838231769293,333.0360722055587,17.605951630167148,0.999108216616676,17.61493684460292,12.958759109248348,50,17.630659573847918
2026-01-01 16:21:00,36.98192713110377,36.44813834971669,24.23536951367623,838.3133777344516,17.4199754138466,2.5149401332033547,44.09429989075793,13.281298064334763,52,17.532942159777654
2026-01-01 16:22:00,13.730938859682013,69.34097070303672,66.33107095040019,543.5741030568831,18.17377142779261,1.6307223091706495,29.71641141450963,11.577715047180972,72,18.22285207444225
2026-01-01 16:23:00,12.629822360753307,77.19896994109095,83.90996987996115,404.11509874724015,18.118060670859915,1.2123452962417205,22.102460355393053,12.864258789712409,76,18.231159409708475
2026-01-01 16:24:00,35.486606467126116,58.25012212544931,55.066045923656425,623.5475930099657,17.583111828524498,1.870642779029897,32.91525748104813,11.929485886423953,77,17.595693763679332
2026-01-01 16:25:00,27.342196067216946,87.69246926793024,15.31445000839562,887.5636841368088,17.716318497335134,2.6626910524104264,47.45881381235262,12.295683891085368,40,17.823627630171394
2026-01-01 16:26:00,34.094083874970764,23.616810516057278,72.81164373361663,501.43732289760044,17.22818640411977,1.5043119686928015,26.04426875007368,12.300327932156998,78,17.313076869756816
2026-01-01 16:27:00,25.218956851131118,55.33569188131697,60.025141009958304,541.7251238500792,17.45352801051816,1.6251753715502377,28.577727991238547,12.578838782508655,66,17.584396423617072
2026-01-01 16:28:00,18.62407116336874,70.2917763125785,73.12505893473751,479.4471181972537,17.796682439164744,1.4383413545917612,25.619782966627287,12.268513747315199,75,17.81203250872172
2026-01-01 16:29:00,38.66858111859699,80.38483298044252,76.97466228570872,495.6204659562029,16.466050727932807,1.4868613978686087,24.61156397695075,11.746930572436536,71,16.552695504928046
2026-01-01 16:30:00,37.97955576391428,32.547892833545305,97.54103676847451,301.8713935126725,16.63754984683776,0.9056141805380176,14.985081401645393,11.834946098608539,54,16.546871420170216
2026-01-01 16:31:00,34.314376479904936,76.0002437234577,57.356328002671,586.4289380314392,17.05505661812752,1.7592868140943176,29.93333551963482,11.576907366790525,70,17.01447159145823
2026-01-01 16:32:00,19.525079803048694,58.68949530029817,34.164111269060186,751.8919943475792,18.101827928649378,2.2556759830427375,40.84761482596992,12.581572896256136,45,18.108813115467743
2026-01-01 16:33:00,30.65807334041805,47.75875773929742,64.8464556900237,521.7786874520613,17.000378537667178,1.5653360623561836,26.736138879536345,13.695229698161874,64,17.080127087401557
2026-01-01 16:34:00,22.63408639290094,29.220052000536548,6.844070924262613,907.9258880055967,18.22845486543238,2.72377766401679,49.54661294117036,11.766053014390668,57,18.19040283490075
2026-01-01 16:35:00,13.205372566432196,80.57070312362387,89.73973183215863,367.2101492044174,17.9283946130152,1.1016304476132524,19.674375669532957,13.676408333907089,61,17.859324524080336
2026-01-01 16:36:00,42.1059751411785,31.009124572580074,11.938101133819679,919.1504805448955,17.35704678866634,2.7574514416346863,47.82186805313572,13.186731483883815,70,17.34277794744618
2026-01-01 16:37:00,14.78865208216365,41.68515014463695,32.784283788581824,769.4599121091542,18.302177477143978,2.3083797363274625,41.87818033228098,12.966247246748576,75,18.141807291597285
2026-01-01 16:38:00,43.25830738372809,40.30318723737058,81.57453806261209,426.08066232275775,16.28306572655615,1.2782419869682733,20.75494551637405,12.984138837244195,48,16.237101994748667
2026-01-01 16:39:00,25.61020205352845,80.9989823933598,59.731237833071184,582.7421525855094,17.807346702104752,1.7482264577565283,30.97155541608801,13.401473591311449,42,17.71598598034795
2026-01-01 16:40:00,16.479652509351688,67.08920959462286,39.363552027744205,744.9119652368059,18.1972542405272,2.2347358957104175,40.63620891182237,11.74591568807359,72,18.183897698973603
2026-01-01 16:41:00,28.966533158242534,75.76769780339606,47.34356593750214,664.7861147189008,17.88132491753791,1.9943583441567023,35.52701784984857,12.660934944200747,66,17.81375847221221
2026-01-01 16:42:00,40.553104255674285,37.53275291547493,85.45473932021804,390.3351732167283,16.573223368177473,1.171005519650185,19.500639564672177,13.103309617999745,40,16.65290149144439
2026-01-01 16:43:00,35.62787102433464,63.74118697248992,34.00043860598922,756.3744200603138,17.478680672593743,2.2691232601809417,39.76529711029703,12.849687023669198,48,17.52452050891502
2026-01-01 16:44:00,38.22964017515074,60.022218820062406,86.96496848121713,402.8321558266157,17.059841044414803,1.208496467479847,20.57453717591803,13.415391863353578,44,17.024904689066567
2026-01-01 16:45:00,33.05741783487511,78.29812637517898,8.813443097669149,966.5464358871809,17.81921654788144,2.899639307661543,51.57010422358461,11.66622493072611,54,17.7850065997257
2026-01-01 16:46:00,34.22967975812483,83.42609423368825,77.67984372086308,443.67821917057495,16.939897182060687,1.331034657511725,22.480025351117966,13.088612390848082,48,16.889135999766363
2026-01-01 16:47:00,39.72184780478618,20.850974003417075,84.75476330547363,408.6953326022623,16.96133041501172,1.2260859978067868,20.66113209428934,12.728263779884852,67,16.851291125783845
2026-01-01 16:48:00,18.738380310071506,67.18139433411548,18.181765283733874,879.4947918525821,18.39172876787969,2.6384843755577467,48.90226541079201,12.37206998715387,52,18.534225885061232
2026-01-01 16:49:00,27.129873727509917,23.628505938381032,43.03465323722004,678.9058672048832,17.576953797706537,2.0367176016146495,35.99775964812198,12.282632459138272,63,17.674399052467567
2026-01-01 16:50:00,17.742330463686077,58.42010655541492,16.54997746636556,884.5585010796995,18.79097008593386,2.653675503239098,49.80421586975811,12.927915055380645,49,18.768012821826435
2026-01-01 16:51:00,44.568380279882646,40.13429103305747,70.66041289942177,476.0636325572057,16.42079120969334,1.4281908976716173,23.555477492804744,13.54928936168181,61,16.49322757287369
2026-01-01 16:52:00,43.04207688903146,41.474361966549885,53.534776806165674,589.8755562820523,17.127041041611598,1.769626668846157,29.71072970956182,12.641204630032565,78,16.78926421748266
2026-01-01 16:53:00,11.379938397897707,44.70709524166496,63.5323346708321,562.6085854620205,18.38073245038201,1.6878257563860615,30.936429165364945,13.396863277376918,61,18.329160488464996
2026-01-01 16:54:00,34.6951310380491,63.490471433472706,19.648696695621116,854.7816283040365,17.402664026680892,2.5643448849121095,44.64651921184161,12.424959678241125,76,17.410497111573907
2026-01-01 16:55:00,42.3836911095483,43.38349759681385,21.17458620524195,855.8235047157307,17.178520852185073,2.567470514147192,44.23769098060704,11.735507264424307,78,17.23006777949346
2026-01-01 16:56:00,16.32013707945667,71.28893354131964,4.149732550990636,970.5939726028985,18.921219912091907,2.911781917808695,55.23427878829257,11.641463193854868,59,18.969236140411212
2026-01-01 16:57:00,29.878083069342033,48.31691699017088,32.20675351957297,755.0247243897132,17.78064066232422,2.2650741731691397,40.2676428632809,11.618069054044458,49,17.777626596192704
2026-01-01 16:58:00,42.04209041558146,24.7847240216971,55.97446613336749,607.2736510271409,16.87621683430355,1.821820953081423,30.72504433435805,12.374345326502642,49,16.865018641041424
2026-01-01 16:59:00,11.18810925050296,74.8631889738875,85.79349139973289,374.78353410157274,17.974746467924724,1.1243506023047183,20.26126601332659,12.275646826922436,65,18.020416382394075
2026-01-01 17:00:00,34.4097093536394,40.00308272148942,66.69274474586807,560.9702339389515,17.209828064255735,1.6829107018168545,29.00857290965338,13.15125515433191,64,17.237143288907724
2026-01-01 17:01:00,20.407215258039276,50.29368157194838,43.53963233997514,668.1031667229747,18.316175770403795,2.004309500168924,36.44184886887687,13.208489453645193,67,18.181747312880336
2026-01-01 17:02:00,42.35386683817856,67.9810718255331,95.31201143941378,328.90021450473193,16.685955242291225,0.9867006435141958,16.327433581458184,11.616964128317601,52,16.54750474602612
2026-01-01 17:03:00,43.987038580787875,43.271931000409836,71.92452005758318,475.6829278359728,16.523002888343655,1.4270487835079184,23.543164693261765,12.008583504644735,54,16.497799490350168
2026-01-01 17:04:00,43.04932711897019,23.960995930270094,93.016520286255,360.29278146343097,16.36880316234499,1.080878344390293,17.837658721103345,12.13080225536547,45,16.502929135068662
2026-01-01 17:05:00,26.597497583011233,46.174473290896955,52.75879732721657,624.059791283854,17.806053071668778,1.8721793738515622,33.23530784022318,12.759507563528462,51,17.752202756004873
2026-01-01 17:06:00,40.17149278462597,86.11140078860124,25.89042747931396,808.3936732523781,17.208005117302978,2.4251810197571344,41.35558577069313,11.832385014985986,58,17.052576873141874
2026-01-01 17:07:00,39.559228948727466,64.92140781089907,5.282668636472199,980.0853504457257,17.71279079666519,2.940256051337177,51.677389608559054,11.80806480462,71,17.57581268646895
2026-01-01 17:08:00,21.168516563513947,67.00354040670449,72.60848514838504,492.32921579485577,17.37124980353708,1.4769876473845673,25.548647588203885,13.670714445178305,50,17.297807218256114
2026-01-01 17:09:00,39.01204159527371,64.25975075463478,12.130299800553413,925.4207903148456,17.726278143201405,2.776262370944537,48.81789705323388,13.349666686784897,77,17.584035847672823
2026-01-01 17:10:00,11.29526721504224,33.92944972716057,30.277512827196716,768.4308914792737,18.775290014627238,2.305292674437821,43.27023189393813,11.915506274809692,72,18.769951587379335
2026-01-01 17:11:00,30.869445746871857,49.28337048715961,53.24709078838974,599.1740256027217,17.617608273201153,1.797522076808165,31.55513691615876,12.43510595818263,41,17.55479797621778
2026-01-01 17:12:00,18.050309305069607,72.56578588543228,56.441658777974766,607.0525477949793,17.91097642937256,1.821157643384938,32.74269158744358,12.317930598292401,54,17.979053986005077
2026-01-01 17:13:00,14.219841002204758,27.09610282872114,60.0583196987136,573.2148349991102,18.289866115008802,1.7196445049973306,31.40180849324389,13.319309370350437,75,18.26063956939323
2026-01-01 17:14:00,12.69336205702232,39.449694326279854,16.625533034970065,896.1499622042885,19.177301033960603,2.6884498866128657,51.199774171547126,12.67348970789968,44,19.04434760956355
2026-01-01 17:15:00,34.37010715573489,39.34233759260975,37.97374048216488,732.5856475715949,17.654184702080208,2.197756942714785,38.92914793644532,11.794054395084974,54,17.713127043228898
2026-01-01 17:16:00,21.895623731882317,50.241324931615424,61.71942271169667,572.0655478028158,17.721338252318365,1.7161966434084475,30.56114185754779,13.199681745259362,49,17.807482595264794
2026-01-01 17:17:00,35.366837003506646,88.62581186595295,96.98188646337847,288.6591441575259,16.752259686109237,0.8659774324725775,14.498636508979724,12.412842349917314,56,16.74251079220687
2026-01-01 17:18:00,12.287471927962983,24.725178267867534,72.76311376996887,528.4269424025031,18.427782825780092,1.5852808272075092,29.24914312623462,12.104725769553939,73,18.450449046152492
2026-01-01 17:19:00,21.03516182407136,56.30906960664165,92.26037570939579,350.8925303335889,17.289335073351424,1.0526775910007666,18.131761269098636,12.363646830647657,63,17.224420301244383
2026-01-01 17:20:00,28.8821952331368,32.55552774085473,76.2212058314177,480.4032985868601,17.21655408509334,1.4412098957605803,24.87799232974803,12.644840096295862,49,17.261880037688044
2026-01-01 17:21:00,37.67531076936372,87.9473581786821,59.171696889240046,569.0762883709272,17.45880694675583,1.7072288651127816,29.512802198462076,12.289165687759121,69,17.286962985195558
2026-01-01 17:22:00,21.156337602622447,27.931245330922494,19.202336913634454,871.7438396489056,18.365871377883085,2.615231518946717,48.36828585842321,12.056383276961043,42,18.49483898767919
2026-01-01 17:23:00,31.90619817529532,48.25207016531139,66.66856518925131,507.26314840474595,17.41481104799431,1.521789445214238,26.31088360676133,12.416554666249155,76,17.289437569372335
2026-01-01 17:24:00,41.00922118826655,71.65194893842244,62.337956595990704,572.6756605932586,16.480901027579623,1.7180269817797758,28.446035810546505,11.544097694724766,42,16.557385950410435
2026-01-01 17:25:00,31.55521158638066,69.31880996192118,60.24691704572665,571.1520989921969,17.139387249102626,1.7134562969765907,29.675324800878606,13.276745046021523,79,17.31898552256103
2026-01-01 17:26:00,18.15358161637718,49.59100458257526,48.978586798824075,657.7337024869428,18.034725909296455,1.9732011074608282,35.53920358478176,11.893173255205447,44,18.01093839366157
2026-01-01 17:27:00,10.85402735447883,44.25669175669027,52.86566039892756,643.8998578101091,18.513895400953277,1.9316995734303273,35.81246646235264,11.600980611350465,67,18.539356199554664
2026-01-01 17:28:00,40.45346058653254,47.83286649870094,33.44425271181041,741.2394247929216,16.866355834113477,2.223718274378765,37.75276955337582,13.003506993681683,53,16.97731677090378
2026-01-01 17:29:00,10.74442937976355,38.49933842110475,51.931269264230316,622.7912805381318,18.07368308365257,1.8683738416143956,34.082540755362636,13.280053096294447,78,18.241820772824095
2026-01-01 17:30:00,40.614558543946984,34.373305709475986,19.755590567847825,870.8573516468006,16.911748966008975,2.6125720549404017,44.185347064680556,13.371807002663541,50,16.912585044736122
2026-01-01 17:31:00,28.51279969095242,53.8127788291223,80.51743973603767,478.3423513386712,17.683818168618103,1.4350270540160137,25.23672225628819,12.635071120119381,47,17.586234479455722
2026-01-01 17:32:00,42.86736944795137,38.79736292473251,18.577695469870783,867.1944850176749,17.185964502148977,2.601583455053025,44.55854037496046,11.972346824786966,76,17.127469152840334
2026-01-01 17:33:00,37.95741325207829,40.12231654280751,8.496628988946641,952.3463194358523,17.617748638174298,2.8570389583075566,50.318392906440984,13.195623657674602,47,17.612077973290372
2026-01-01 17:34:00,44.927693868666815,65.972924443219,43.62460263571574,692.4883521528203,16.889784968822827,2.077465056458461,34.9884591737538,13.109340077454975,51,16.841900211501052
2026-01-01 17:35:00,22.274913540809855,87.79761321899245,65.83074395060619,578.0297042408827,17.58709067949095,1.7340891127226479,30.502301644838074,12.0664226884373,54,17.589812092728735
2026-01-01 17:36:00,36.85159011258944,62.254604039156256,43.771682493354135,658.6537892072159,16.800615771588674,1.9759613676216479,33.47987570397219,13.577837838484424,58,16.94358819589171
2026-01-01 17:37:00,24.067581976323474,25.388562694547637,27.67541319513086,808.1645285274711,17.71571527025324,2.4244935855824132,43.29613287203008,11.740054353590507,67,17.857804668775586
2026-01-01 17:38:00,26.79564671063681,25.290852969784687,55.817118389044076,576.7692906054502,17.41042105971199,1.7303078718163507,30.16054302175758,13.760182951060049,46,17.430737912610457
2026-01-01 17:39:00,31.96269121264295,86.59962545918961,34.700233541219994,706.9669338007258,17.569571760835096,2.1209008014021773,37.29739179622839,13.47856996524817,79,17.585637089471703
2026-01-01 17:40:00,40.57869899652186,40.810355321513356,93.28676901266331,352.94185797371324,16.47643257228103,1.0588255739211396,17.355563952221736,13.082166884601873,46,16.391334304430355
2026-01-01 17:41:00,44.44292142197533,26.44468902577328,92.2645139603572,356.93835820044876,16.788290014898305,1.0708150746013463,17.896060746844636,13.659124743043616,69,16.71255959252083
2026-01-01 17:42:00,36.889569485258136,61.93312110052671,50.23718199720955,642.6429872646892,17.435429515388652,1.9279289617940676,33.49760417735494,13.161315687144528,57,17.374916213812757
2026-01-01 17:43:00,24.621837375856682,63.655414480318626,32.78839940182585,768.357322386424,18.105087753412224,2.305071967159272,41.79813742582852,11.938051093169106,63,18.133116024719943
2026-01-01 17:44:00,24.747495079697458,65.39533740830817,73.71324139566391,545.9732989117778,17.469588196877147,1.6379198967353334,28.83992586142724,12.516959117659468,45,17.607653413888162
2026-01-01 17:45:00,35.8153805556112,38.71814195002789,3.671294348306664,969.1374368012246,18.057000388271977,2.9074123104036738,52.37933914815908,11.66445695596276,43,18.015793274565375
2026-01-01 17:46:00,18.357200101890584,21.057747895013254,47.47690060436513,677.8641829944456,18.157852074499132,2.0335925489833366,36.81887464400259,12.396212071262665,42,18.105335143172915
2026-01-01 17:47:00,13.866593959598813,87.55107586181303,33.63233942703335,751.5863276184889,18.23894436436917,2.2547589828554666,41.66297992044793,13.20568694539558,45,18.47779751061694
2026-01-01 17:48:00,22.41177551742718,37.562513198377175,92.05358851025547,361.5295319290238,17.422266611313763,1.0845885957870713,18.986483047612495,12.38881970714088,65,17.50570042997203
2026-01-01 17:49:00,20.05336470789286,67.32184016367833,1.2003027272682543,986.8332074080098,18.59884074608665,2.9604996222240296,55.26644762491551,12.25967660357671,77,18.66794618382604
2026-01-01 17:50:00,20.370784215959652,69.46409089150967,55.28148757183491,604.819217342561,18.077906251128802,1.8144576520276832,32.780121187195,12.869318161773718,50,18.06607123101646
2026-01-01 17:51:00,18.176271286746847,62.700519195564,74.0663581066626,517.9134638973683,17.742695532543216,1.5537403916921049,27.69236406175499,13.506070416697458,68,17.823031575819787
2026-01-01 17:52:00,11.473261637272666,41.903517594955375,48.50179875240413,684.0311079968579,18.391971379364,2.052093323990574,37.74986725202841,11.609441342856059,59,18.395784836246467
2026-01-01 17:53:00,10.625587715669484,38.97673776348461,8.540303016272166,942.9528118340794,19.040076929362762,2.828858435502238,53.921239588437956,12.386581999809392,49,19.061130423398062
2026-01-01 17:54:00,44.570283640761104,61.836779789189215,97.24613900279022,273.19278826158927,16.358407369978803,0.8195783647847679,13.420040309134249,11.863953706175105,65,16.374322317132577
2026-01-01 17:55:00,24.97205968075518,80.6266943528184,51.801043137609796,630.17251357168,17.59634613198511,1.89051754071504,33.40163661284204,13.0993147766833,66,17.667985561355184
2026-01-01 17:56:00,23.451432650588856,86.27136102463768,61.41862443190114,624.1301802647937,17.432287518525385,1.872390540794381,32.75969321118923,11.74316648899161,53,17.496186023932054
2026-01-01 17:57:00,33.78765489425744,27.413406308263035,23.660978270750732,829.7599187719507,17.455767208265335,2.489279756315852,43.72119663482967,13.029057844734563,75,17.563793914243405
2026-01-01 17:58:00,17.638886075277245,30.83800288184039,48.34980851068038,683.6156918663106,18.356191137858158,2.050847075598932,37.567794894308314,12.158216002835188,51,18.318184393800774
2026-01-01 17:59:00,43.248641438257884,86.13153811481557,42.914949195832186,728.4342036682267,17.39841286573254,2.1853026110046803,37.8959938562815,11.957508671595617,62,17.3413026028734
2026-01-01 18:00:00,37.52207550454432,71.55746598343548,7.489584200198374,951.9521889157309,17.285171120665716,2.8558565667471925,49.58404688563398,13.653610882997468,60,17.36223291567825
2026-01-01 18:01:00,13.129385080929083,81.80956773808411,10.616035354746723,908.8513198794099,18.823557484808255,2.7265539596382293,50.90883446718378,11.542606526515698,47,18.67149347520655
2026-01-01 18:02:00,24.615327152472492,34.18428438947402,83.74725196187745,365.06298963120014,17.257487269773897,1.0951889688936005,18.93466449216176,12.506887725346008,78,17.288947414518102
2026-01-01 18:03:00,40.76914076467577,61.13101097765813,23.981995220659023,845.8092976275659,17.70443653847352,2.5374278928826977,44.53545753218335,11.549742082662126,48,17.551417976093862
2026-01-01 18:04:00,43.06562078019936,69.07977160922316,19.495827149863054,847.2340898944876,17.096369078356876,2.541702269683463,43.61708969932117,12.612264010639958,63,17.160581795740036
2026-01-01 18:05:00,26.359052893745442,67.60783198128809,50.49114512501392,650.0849931626564,17.323051755522314,1.950254979487969,34.17960228614847,12.652408968927162,70,17.52570953318226
2026-01-01 18:06:00,31.46939862237477,48.57061836066887,76.87471313625129,436.8806012544537,17.28380980983854,1.3106418037633611,22.60016993679838,12.239823684207918,64,17.243590027347306
2026-01-01 18:07:00,15.846188113222633,21.077642418391594,6.194651857898792,951.3326861853044,18.62861643012053,2.8539980585559133,53.09510040039947,11.803972088307555,56,18.603761919608633
2026-01-01 18:08:00,44.69090191479418,60.80482397629842,57.680791963825584,596.908837351242,16.46938008514632,1.790726512053726,29.48599656745042,12.365691336789293,68,16.465940705615562
2026-01-01 18:09:00,18.10850954842052,37.71710774257261,11.921044284057336,921.9245616324846,18.28468345572807,2.7657736848974537,50.74892330737922,13.046204761844903,42,18.34890670357247
2026-01-01 18:10:00,42.995612094729395,51.51779723000232,3.6461050825618457,952.1808206750188,17.671841794611996,2.8565424620250566,50.490242171508946,13.299510359882257,60,17.67529901716058
2026-01-01 18:11:00,32.7376327147329,87.03067105586722,5.274395216221739,987.0174524616748,17.919360441498803,2.9610523573850243,53.21155108042798,12.720726385492728,47,17.970486387285757
2026-01-01 18:12:00,31.27078782076007,47.93247223497043,83.41641082084413,404.14722855945166,17.08399850625851,1.212441685678355,20.75001006884131,12.856619107211438,53,17.114233462891686
2026-01-01 18:13:00,27.9440978855778,78.78611246650988,11.797248362806156,883.929872251292,18.012874392512146,2.651789616753876,47.54317011425919,11.961417653586702,78,17.92871116693564
2026-01-01 18:14:00,18.073443410121556,33.19784240244758,4.515136441229195,966.2135765121263,18.67249968563888,2.898640729536379,54.07147015458827,12.160859766423593,55,18.65407796268587
2026-01-01 18:15:00,16.17848112019279,67.07223486175201,43.789988714291226,694.1575851804906,18.399354649694793,2.082472755541472,38.189134062902355,11.872359903120424,57,18.338359510961595
2026-01-01 18:16:00,17.717017317456136,88.39048681072605,84.39934719420248,412.4163583040179,17.818020586562103,1.2372490749120535,22.074017397020288,12.073379305010606,70,17.841207437224682
2026-01-01 18:17:00,16.52533917504891,27.132517061105574,26.240837648930192,843.5567845311903,18.477835501519415,2.5306703535935706,46.84786381801826,12.017239594518724,50,18.512037236099893
2026-01-01 18:18:00,37.28545657483637,20.58239595590344,42.17126175259164,700.0721909971413,17.294246872326138,2.100216572991424,36.5639202114673,12.694732208699847,77,17.409595125415002
2026-01-01 18:19:00,22.254384070835552,50.350795484283005,3.9922532563751223,969.6618347179987,18.359390756478547,2.908985504153996,53.51484468989167,12.794184138318679,59,18.396394417735365
2026-01-01 18:20:00,12.024493679718873,26.483783813595704,44.907851413487585,663.5813524809251,17.916448122066004,1.9907440574427757,36.328211536047256,13.67337906788946,43,18.248559577624917
2026-01-01 18:21:00,43.918592054928396,72.3869044773362,57.761308063713365,612.0819136117643,16.590686492860485,1.836245740835293,30.572956667226308,11.949812488333503,59,16.64970868949105
2026-01-01 18:22:00,40.9325059737199,84.01840646939912,57.090705375214476,604.0512436550607,16.505460410379566,1.812153730965182,29.925268523534047,12.975854133371442,70,16.51364782809865
2026-01-01 18:23:00,42.471329911832456,50.38146808961312,33.242669217436514,758.9007609320612,17.52651543444196,2.2767022827961836,39.77432598951367,13.379696318671304,59,17.470148069014947
2026-01-01 18:24:00,44.82177379262524,38.10981495088087,31.55331806631355,741.0332796664959,17.066144360506524,2.2230998389994876,37.999472554810914,12.788555366701022,50,17.09301214825902
2026-01-01 18:25:00,16.086333722682056,50.40823233046268,10.662361893659789,954.2517106454833,18.54581413503277,2.86275513193645,52.99259416927458,12.086508400752475,40,18.51104678080827
2026-01-01 18:26:00,23.868470661593058,70.64134724950007,36.67983206462684,718.6875762584909,17.660259995289643,2.156062728775473,38.54660446527159,12.103865529046,57,17.878238861428667
2026-01-01 18:27:00,36.538346649643195,20.63379131062597,9.949466887296465,918.5281716015306,17.467815944858152,2.755584514804592,48.14970500008904,11.590282022063299,78,17.473499630078848
2026-01-01 18:28:00,34.360721631882726,61.2617792639288,76.65959447120517,470.54972892308393,17.178347674773974,1.4116491867692518,24.486887400313435,12.202521721061508,72,17.346297954065314
2026-01-01 18:29:00,15.386356721894927,62.930417942116534,96.62742977481858,299.6768330039363,17.325391628991042,0.8990304990118088,15.684685653050924,13.212588461707774,75,17.446221980556974
2026-01-01 18:30:00,38.55415937467163,64.63817728271549,97.00744566667069,291.0776847682423,16.563087215396152,0.8732330543047269,14.479779152118134,11.609290841576353,57,16.58180377018254
2026-01-01 18:31:00,17.855420014283123,36.941545598661406,86.50710993753938,351.97127878321106,17.791106747735046,1.0559138363496332,18.651113298543713,12.00437914976111,70,17.66348034894769
2026-01-01 18:32:00,17.833616518791807,69.98369063646888,60.07921493396191,593.8654345203794,18.251605728329807,1.7815963035611384,32.45085923988217,13.124334746623099,74,18.214485051982802
2026-01-01 18:33:00,28.794104801269476,26.39740404322435,70.086569724388,498.4902870347576,17.339051444657436,1.4954708611042729,25.9273198021744,13.300098594492617,78,17.337228344943725
2026-01-01 18:34:00,30.75289771945961,33.94892355267606,28.520580268041407,858.9013399731768,17.44711230970899,2.5767040199195304,44.96107682771972,12.547232343142436,77,17.4490653486557
2026-01-01 18:35:00,30.30301727432339,81.42290326581374,63.077042017262066,538.573604566548,17.22112308688472,1.6157208136996442,27.9398295123639,13.105570978500893,54,17.292485976205167
2026-01-01 18:36:00,13.202039308921421,71.71062055085964,45.56495494398774,662.6162949235073,18.13499169201326,1.9878488847705222,36.1577586924519,12.392289987906253,45,18.189390033350527
2026-01-01 18:37:00,40.71113019206331,20.96218878079417,48.20173397769325,651.280002750439,17.050017008380884,1.9538400082513172,33.2295029307191,11.867800463555493,47,17.007279403833806
2026-01-01 18:38:00,19.296001490604713,37.386338225886014,75.7776560375158,474.4191008401592,17.945127932189617,1.4232573025204776,25.73770682160304,12.415743835102685,79,18.083663984034068
2026-01-01 18:39:00,14.533022244898145,35.00845380952152,28.191835559725163,793.2530843062175,18.224648870396262,2.379759252918652,43.22914419415478,12.833925986467229,61,18.16534346536796
2026-01-01 18:40:00,41.1061827954142,38.956442962588085,31.803961169451988,789.6189160938864,16.980223980578256,2.368856748281659,40.31574992249681,13.68052254826165,40,17.01907468729014
2026-01-01 18:41:00,43.44780243804137,37.32918391959205,92.46417911286366,333.1789784101813,16.34939546244346,0.9995369352305439,16.259307154555596,11.658127189803958,52,16.266839754956504
2026-01-01 18:42:00,40.17446660429077,24.3768407019992,5.622429485097225,933.0111592350479,17.460576535278598,2.7990334777051435,48.603724986078085,12.66700641584341,63,17.36446718955539
2026-01-01 18:43:00,38.333062615370736,52.12583616177742,48.56342984133404,624.0916963224796,17.050201145285655,1.8722750889674389,32.23591421803884,12.256515489884666,60,17.217509546536228
2026-01-01 18:44:00,32.93346932236576,71.29134323503156,91.28008004078617,316.5679563557528,16.785311508580342,0.9497038690672583,15.996308233299128,12.669116896836398,43,16.843469584903065
2026-01-01 18:45:00,29.280007971319876,62.47122073022055,61.0363007818157,562.384514137789,17.427184148990715,1.687153542413367,29.54667612819394,11.555143528966022,46,17.51273691778478
2026-01-01 18:46:00,13.044536596899356,67.10101680186558,54.64070742121321,611.4954418036432,18.008588927606827,1.8344863254109298,33.36905259400307,12.219958315813637,51,18.18986172411414
2026-01-01 18:47:00,24.295862457474456,25.680442497536742,24.974417922935523,812.5503339897875,17.996763919573606,2.4376510019693622,44.121525178286525,13.385696739312111,52,18.100017247194547
2026-01-01 18:48:00,23.04409809543099,86.60434971237511,34.327548906444825,784.5752735986295,18.47434311632847,2.3537258207958884,42.90893372332811,12.774065987865667,55,18.230217531801937
2026-01-01 18:49:00,19.091382431611418,78.69442836901175,85.20484158046929,428.1267131288777,17.652112027786572,1.2843801393866332,22.593737866171494,12.536339733477071,45,17.59116103816533
2026-01-01 18:50:00,35.319703979100474,76.35632229469638,55.921813176845816,601.8512480131892,17.53479209388664,1.8055537440395677,31.31383286906062,12.156707664945282,53,17.343063297026063
2026-01-01 18:51:00,27.355650727756977,77.60886635292373,51.47421937567799,603.8020421064148,17.681304924519118,1.8114061263192442,31.87784066223546,12.18549780242012,70,17.598395080517285
2026-01-01 18:52:00,12.836617556767678,85.2897355692933,9.957971354002893,918.9600983608786,18.92151700169854,2.756880295082636,52.36887465431639,12.381133297258344,75,18.995701317799387
2026-01-01 18:53:00,17.706412068243395,58.09777762795884,1.6028156455123121,976.7838626030726,18.55139409080964,2.9303515878092177,54.473979513313935,13.42181263291849,76,18.589571210477047
2026-01-01 18:54:00,33.91405672808585,34.019741250733816,96.36851886870491,312.27766867350454,16.957806215662416,0.9368330060205137,15.831505928973796,13.724590375659018,74,16.898962597638384
2026-01-01 18:55:00,12.664580082160507,63.17485254967788,37.698616728684165,722.155304821246,18.535633327135443,2.166465914463738,40.062033578517955,12.508907377105862,49,18.49188270678814
2026-01-01 18:56:00,39.7922419917069,72.00170455675573,60.32130620995043,564.6815986158509,16.830433644359484,1.6940447958475526,28.60931285079823,12.404711529119853,56,16.88816784593032
2026-01-01 18:57:00,27.330128445489102,71.65421753478178,7.971507318728499,936.4686164509453,17.98898327098918,2.809405849352836,50.96257319001812,13.447066784385685,69,18.1399825880471
2026-01-01 18:58:00,26.82053020643268,56.50143169168161,68.31142857230465,509.1091780175563,17.908774869288553,1.5273275340526689,26.850416140326043,12.481882237463498,46,17.57999875054968
2026-01-01 18:59:00,30.734272463083116,24.792110353350463,93.2566708705961,351.3697540783391,16.77631305834427,1.0541092622350172,17.698945698652764,12.769641796279998,57,16.790428025578553
2026-01-01 19:00:00,38.86383380738022,45.97790569010895,57.56652529974197,604.2416972199035,17.267323687906156,1.8127250916597104,31.359958421377733,12.031165828577112,58,17.299897577224417
2026-01-01 19:01:00,22.173322276576755,84.45366259243501,12.611532237541056,893.5063725935629,17.92099428334208,2.6805191177806886,48.00718826641671,13.210055832291873,54,17.90966083695155
2026-01-01 19:02:00,33.73056533956722,60.91142368301982,58.172152747347674,618.216237288707,17.12956080807582,1.854648711866121,31.814335514080085,12.723573132022798,78,17.15383366700692
2026-01-01 19:03:00,29.800618739852688,57.68323602789994,76.63472131046524,443.95570478993113,17.219321696809832,1.3318671143697933,22.917502440119737,13.360779465552787,61,17.207048806039282
2026-01-01 19:04:00,19.345989455929747,38.81974600675355,40.64165365740187,683.1524121218802,18.318595067815163,2.0494572363656403,37.27942287895047,13.29568527906594,78,18.189900339203522
2026-01-01 19:05:00,40.752049522430525,45.79142439416052,87.98377479414678,391.7291378682736,16.902770888260516,1.1751874136048208,19.878560383500844,11.994510967021066,69,16.915225736229157
2026-01-01 19:06:00,37.90991075624248,82.67422624072185,64.86829533573645,529.573769961558,16.460935775552418,1.588721309884674,26.33656173248167,13.145961766282854,59,16.577206819485195
2026-01-01 19:07:00,33.04581421304489,66.6524133268785,89.92489182892025,376.951586612706,16.84543346414101,1.130854759838118,19.068018179898623,13.340125138288155,71,16.86159784358887
2026-01-01 19:08:00,39.77036051829847,75.11709187266331,62.35053112473372,515.4729101048533,16.362884463541512,1.54641873031456,25.375686977710078,12.29604665379951,64,16.409324641682502
2026-01-01 19:09:00,40.35529703359308,51.80417961473586,13.128797200482422,935.9475384262845,17.584870744466507,2.8078426152788536,48.975741048898236,11.897000959675232,62,17.44248085074182
2026-01-01 19:10:00,34.79270418502622,64.11730536193105,30.96917111051891,796.6616703871757,17.676805919703217,2.389985011161527,41.96740549220121,11.506053957833053,44,17.55969401322946
2026-01-01 19:11:00,39.29546649272852,37.386852612024526,20.17949482524569,828.7340052400202,17.657239331700936,2.486202015720061,43.872731131245274,12.537078402114242,69,17.646486831657857
2026-01-01 19:12:00,34.411501158424926,69.38225811984404,90.88264977168623,334.2459091212707,16.727047172457425,1.002737727363812,16.901064935713244,12.310595282539335,78,16.85492075793935
2026-01-01 19:13:00,33.804927011610516,49.93209335923361,76.04000672874827,501.1652709807127,17.197717355435024,1.503495812942138,26.04100842457891,12.776292617798441,66,17.32030658177902
2026-01-01 19:14:00,31.65139823753145,50.97818603703219,67.6398368910006,511.7735436930367,17.35337014612925,1.5353206310791103,26.64066529855256,11.932494512954207,76,17.351857819970796
2026-01-01 19:15:00,36.34508238451744,65.4525627203817,30.096631963162167,772.6398792832124,17.33828835723004,2.3179196378496374,40.11080210839827,13.477230759632894,46,17.304656060297912
2026-01-01 19:16:00,15.551178685257579,85.53964350282486,18.40447720502135,825.8476176818649,18.191958060968904,2.4775428530455947,45.16417008571961,12.092836995944653,44,18.22942034290151
2026-01-01 19:17:00,40.83047657196249,24.480444262603463,75.64510879889119,463.46867429573064,16.71066268408311,1.390406022887192,23.301369110574306,12.020788091701595,54,16.758679642503836
2026-01-01 19:18:00,40.51452347108312,77.73202661429053,47.41579458790797,663.5350455879293,16.6618760680808,1.9906051367637878,33.28521900910677,12.60564232991402,47,16.721155991398664
2026-01-01 19:19:00,11.02365490620957,40.46681772885351,22.578955215062912,856.2571754299494,19.03990503634398,2.568771526289848,48.91517529451927,12.647357354611831,48,19.042244432368374
2026-01-01 19:20:00,38.90358626976669,51.07436181544645,61.66219781652751,540.3830467206179,16.644706600977923,1.6211491401618536,27.369833108249015,11.994696026205714,50,16.882982836185228
2026-01-01 19:21:00,14.510445361570582,21.53393301425063,4.0333852138451975,941.3605676582714,18.865421402834194,2.824081702974814,53.588515040784245,12.125279671469606,61,18.975554065711165
2026-01-01 19:22:00,21.729159899069966,41.073225448401914,32.61702541282535,780.700074805752,17.97584414588391,2.3421002244172557,42.24809020074865,11.890322050057064,73,18.038549230428647
2026-01-01 19:23:00,36.02278897020627,55.18418698410913,46.85569945911347,692.144705210747,17.461598086081196,2.076434115632241,36.00712789652433,13.152458410143284,74,17.340847766586005
2026-01-01 19:24:00,15.626596361690787,23.93232541432073,14.795833410940585,865.0061191010583,18.526667767841094,2.595018357303175,48.288229091227606,13.271204771884388,52,18.608049132033987
2026-01-01 19:25:00,38.628845844167174,54.37670105682156,98.46544775908396,332.37214741240723,16.626153919491188,0.9971164422372216,16.560216669139503,12.56335554415635,50,16.60810710530807
2026-01-01 19:26:00,39.12469622852097,84.89774402008992,20.909736458961426,854.3826816170065,17.31146158341324,2.5631480448510193,44.313772650126786,13.14240015217554,71,17.28880730832014
2026-01-01 19:27:00,27.761370681629266,27.377525267546368,13.035313004326554,930.5889157512071,18.266097693805527,2.791766747253621,50.63233612953079,13.192651401456125,54,18.13630604323945
2026-01-01 19:28:00,10.223505510089176,73.5108509652853,20.35348738868964,856.1211810488202,18.764031584068544,2.5683635431464604,47.86857886472567,11.81803371365896,77,18.63777384337213
2026-01-01 19:29:00,20.046334661121946,48.67697373631948,76.90611331597242,411.21164843843405,17.41686337693025,1.2336349453153022,21.493145066739917,13.722209457119435,40,17.422613673809742
2026-01-01 19:30:00,31.592442143150976,65.86216001670365,42.55056592718428,699.1066908633893,17.720054833683957,2.097320072590168,37.26435105927449,13.388373478321792,63,17.7676033078029
2026-01-01 19:31:00,44.34151623095982,38.21656185896606,56.541593975253804,625.4117185466488,16.850092053767835,1.8762351556399464,31.739285787548425,11.970311960750394,79,16.916475364050402
2026-01-01 19:32:00,32.113473445583395,31.16445837789508,2.1009156986360744,967.4186697278732,17.88452633178651,2.9022560091836196,51.97543673642952,11.92817958221596,61,17.908632654033088
2026-01-01 19:33:00,19.093125337245592,31.232382998985848,3.4431308573314556,968.1387846205307,18.837177051144913,2.904416353861592,54.83706644517345,11.78902063483304,42,18.88058038657727
2026-01-01 19:34:00,32.190199608486395,24.934436195020126,44.582554982701616,684.3994450500693,17.46889882434164,2.053198335150208,35.7534432955269,11.818270693846411,53,17.413536083405816
2026-01-01 19:35:00,28.89948829005494,32.99526934308701,81.66552432016235,370.35105216149395,17.467123789485814,1.1110531564844819,19.360204366071564,13.220772137766001,41,17.425092807737293
2026-01-01 19:36:00,37.294588830290024,66.49535694922778,88.52388787075652,413.7597364134539,16.900205099205344,1.2412792092403615,20.904414170084337,12.580204790988734,71,16.841024980090843
2026-01-01 19:37:00,13.744322358943544,81.71834282904555,8.670656759564022,921.2778890851083,18.665678936808824,2.7638336672553248,51.24078679590146,13.300748597301695,77,18.53975056566521
2026-01-01 19:38:00,36.63597658757098,76.98879799138132,53.836310210102276,633.2605371787402,17.723986926883747,1.8997816115362207,33.317799996648645,13.216386257005473,72,17.53770001474373
2026-01-01 19:39:00,28.94433025366386,67.95940169121388,91.32296862792705,359.00519688154645,17.351899791304696,1.0770155906446395,18.674840160710364,12.89060924106201,45,17.33943345196394
2026-01-01 19:40:00,43.70472013506481,27.730230438777188,38.797275439788635,753.5714530486669,17.080863343757414,2.2607143591460006,38.36639567430746,13.078643195130963,78,16.97091696661785
2026-01-01 19:41:00,21.965525811354013,40.24312124071649,82.95658314283686,427.4250404487036,17.703129503628723,1.2822751213461108,22.745375042961296,11.542218166072026,64,17.738295522012145
2026-01-01 19:42:00,32.14176625968818,41.68648127257283,13.36956543994362,901.7145564899752,17.833243533309272,2.7051436694699253,47.92092443625534,12.217088587651551,73,17.71474283495097
2026-01-01 19:43:00,42.620983692850615,37.49698624783349,93.53944896677987,327.3535553821553,16.681961871160198,0.9820606661464659,16.27845194881986,12.966991012296644,50,16.575810955442613
2026-01-01 19:44:00,13.587840479673774,56.05039617968062,75.14233175313026,489.960691755731,17.72817489758742,1.469882075267193,25.91010125330231,11.521493393018362,76,17.62733330059312
2026-01-01 19:45:00,42.80299705327579,57.48876704157708,94.13343927869016,303.59709897007656,16.17069251317156,0.9107912969102298,14.71955820674217,11.575846970469964,46,16.161285529052407
2026-01-01 19:46:00,34.07600028052847,44.982018261977714,67.66172335525064,539.2857449187633,17.284144735810024,1.6178572347562898,28.071409416507198,13.459342359681882,61,17.350980552209112
2026-01-01 19:47:00,12.374297068681017,44.76524111155052,36.3403931999427,723.6363525693035,18.327355723989577,2.170909057707911,40.08976198674324,13.073257181891766,78,18.466808567776123
2026-01-01 19:48:00,20.533724843138568,77.9988918534257,93.81811725247225,368.31885247182714,17.61329677477645,1.1049565574154814,19.466351706493292,12.11035038617679,49,17.61730049552856
2026-01-01 19:49:00,34.786023102584856,75.250499382378,27.556677630917846,810.329247436829,17.41013683782783,2.430987742310487,41.95115577480612,13.082314532273031,60,17.256835583602914
2026-01-01 19:50:00,12.35727105140701,41.54570821765219,33.21725220617326,780.3617099137892,18.941267921304345,2.341085129741368,44.415657998123756,13.322650339020306,45,18.972252411440753
2026-01-01 19:51:00,30.375966106169564,83.96519107112815,70.08084180017403,511.0738836752762,17.614431107493978,1.5332216510258285,26.886449836550295,12.205626851153234,40,17.53591844894797
2026-01-01 19:52:00,22.105906993353486,86.69705119017543,76.53162995253862,429.2310484294097,17.632809319353267,1.2876931452882292,22.596972649365146,11.582885968248132,73,17.548414179301375
2026-01-01 19:53:00,31.7320431218617,42.87197794210286,92.94034838491538,332.2029780376856,16.85239451749806,0.9966089341130568,16.823519359562543,13.64539198678179,53,16.880763139590776
2026-01-01 19:54:00,11.600971183437949,44.80974641551384,20.48024090562095,870.086100412881,19.11263594748332,2.610258301238643,49.54531663652763,12.29391362807995,75,18.981001463731367
2026-01-01 19:55:00,40.503788215333174,55.394390739537116,79.7998035219224,444.7344916937401,16.79754034235969,1.3342034750812202,22.799411224905107,11.744908055554825,66,17.08840641680774
2026-01-01 19:56:00,44.07211392120889,85.87845687735715,73.85460533969635,506.637560728239,16.67482766832037,1.5199126821847169,25.530129411904646,12.63127080420424,48,16.797102696194187
2026-01-01 19:57:00,43.9107249349992,81.34236031996181,6.379455625359787,963.4093018832249,17.642375009918354,2.8902279056496747,51.255123177027414,13.267475930027508,45,17.7339382395542
2026-01-01 19:58:00,36.237814111002365,27.179757380851285,38.722314121020695,709.6097633388019,17.036082171358963,2.128829290016406,36.44141404852991,12.009788823620386,70,17.1180536736457
2026-01-01 19:59:00,14.553018404572118,47.49115202899914,28.27654570600986,786.1428973035183,18.371312354745506,2.358428691910555,43.24812494627233,12.119827115306736,56,18.337686059626915
2026-01-01 20:00:00,36.539211857515795,58.73598328248403,30.44904243540304,788.9150507626434,17.197627539962895,2.3667451522879306,40.63375705462478,12.058244469636742,75,17.168623759657503
2026-01-01 20:01:00,10.860542076058053,55.2192730786078,98.29468795547008,265.65630299170743,18.033208537832056,0.7969689089751224,14.340506710071596,13.78084802151286,60,17.993809480614555
2026-01-01 20:02:00,10.774324303514904,33.57041475558249,64.27774134799279,583.5246482765102,18.48129961661314,1.7505739448295305,32.248533102168615,11.954028587580249,66,18.421691467199892
2026-01-01 20:03:00,21.326357670233943,80.11717398177083,71.76761577934995,506.4616242721015,17.617973871287493,1.5193848728163046,26.91284044070248,12.823696499022086,67,17.712984328202058
2026-01-01 20:04:00,27.102511664163302,67.3858548097786,97.66176373150091,340.90834582047114,17.246271054466472,1.0227250374614134,17.762779126604926,13.628108675811019,55,17.368088661147205
2026-01-01 20:05:00,36.96425962327277,78.65358623962625,37.72017824576387,704.3466734634695,17.54440471827529,2.1130400203904087,36.988285368746894,11.837862108418893,74,17.5047727500745
2026-01-01 20:06:00,33.91533818122768,80.11349955446306,80.1840168452806,463.60318529014097,16.681482179651816,1.390809555870423,23.288418100586266,13.732964655095712,75,16.74450538701646
2026-01-01 20:07:00,25.60659472318619,72.38490975660179,43.45309633044954,740.4583039074082,17.60391580958478,2.221374911722225,39.453758314008496,13.679197639109937,74,17.76096331412158
2026-01-01 20:08:00,19.576933319858306,50.74474208748021,86.95336718149798,364.90886262196784,17.879679775218793,1.0947265878659036,19.467025191034363,13.534515570234005,58,17.782545346764646
2026-01-01 20:09:00,44.89935750551989,62.73827285107972,18.06575413113032,888.9677569801631,17.184446214072768,2.6669032709404896,45.457195633836946,11.993479999059005,60,17.044936023422537
2026-01-01 20:10:00,24.916345578259055,31.225578428382022,94.76861770642796,336.64187494875017,17.305220407208406,1.0099256248462507,17.319723864400533,12.958326628825262,72,17.14950431823854
2026-01-01 20:11:00,25.79854585153864,67.15517922324354,21.877170841087967,815.9711271474192,18.206437655821745,2.447913381442258,44.52200449569717,13.250050387810854,62,18.187736883674273
2026-01-01 20:12:00,15.726833741708422,32.54772790174965,32.622050698093155,781.5033245503853,18.24060649539265,2.3445099736511557,42.61853344971044,13.767864234851789,45,18.178013285795362
2026-01-01 20:13:00,37.81833420624753,68.57647133571098,75.61922341067805,487.3375002220007,16.966760400798595,1.462012500666002,24.60533935509043,11.914974790787152,71,16.829773578462405
2026-01-01 20:14:00,34.27887790235211,36.07187125277781,39.37551415654067,712.3488698508384,17.40616663581727,2.137046609552515,37.334862938317706,13.261859568894382,61,17.470308214819614
2026-01-01 20:15:00,17.72693644760661,28.228591010515398,60.82113767664467,597.5703666685918,18.056312513245942,1.7927111000057754,32.17063944639593,12.27924269083236,42,17.945244744840533
2026-01-01 20:16:00,12.883336596554495,31.56991431000702,44.45735010694285,655.4632811156162,18.573198846462653,1.9663898433468483,36.467995934374045,11.903940870806405,74,18.545659223048332
2026-01-01 20:17:00,33.81747557261496,20.13944946533492,74.23699370897819,450.44592110815984,17.012390873226277,1.3513377633244796,22.86601292536737,12.469166964791867,55,16.921019707992016
2026-01-01 20:18:00,32.90789249983973,70.31177324974712,22.833125236861086,842.9000712537475,17.96928868266541,2.528700213761242,45.391886786826646,13.325822597941817,64,17.950679380577817
2026-01-01 20:19:00,19.564083444937324,71.26807343408655,5.8457987236877,959.5871144936316,18.615652910969228,2.8787613434808947,53.216860613030775,12.56915454851932,56,18.486027239994428
2026-01-01 20:20:00,43.28022467876436,56.04533449392816,29.992939747306625,775.7179520003716,17.206172097657564,2.327153856001115,39.98939232549195,12.736303130467013,78,17.18381972140341
2026-01-01 20:21:00,15.287026212331508,31.29539607387686,47.43086648684303,684.1758233115365,18.312719309000553,2.0525274699346094,37.89195020936203,13.78886664346028,52,18.461117214947294
2026-01-01 20:22:00,25.131718036491066,25.848803625748282,16.80200521926786,893.0038497494439,18.15260453548227,2.6790115492483317,48.242064377831404,12.41795138898208,67,18.007411872250795
2026-01-01 20:23:00,43.02655720586596,21.33902765061009,35.47972896563887,768.8046786592082,16.546428773867124,2.3064140359776246,38.38145538940101,12.915421735831252,50,16.641181847964337
2026-01-01 20:24:00,24.69045609241428,31.60237238756545,39.998301829356855,717.5491584874566,18.08925790506763,2.15264747546237,38.670056103042654,12.340061663715355,49,17.96395208404324
2026-01-01 20:25:00,32.348408168243,82.35988744882027,5.739184368827354,971.8773147777754,17.895828945035454,2.915631944333326,52.203962045257946,12.403406986556021,78,17.904853233179487
2026-01-01 20:26:00,23.915803928697798,36.907578919117725,58.33072481842046,582.771920210457,17.957133987915594,1.748315760631371,31.18913651283242,13.09997373292444,63,17.839532889395823
2026-01-01 20:27:00,19.59753208220345,44.7989929052051,88.43434279712875,422.0359742218307,17.77134872423268,1.266107922665492,22.356771462834786,13.657140045018233,77,17.657871862746003
2026-01-01 20:28:00,44.43921767859399,27.374183913693322,15.174291295305242,877.5290455304237,17.101261442037327,2.6325871365912707,44.90732200568398,12.747425586132339,63,17.05824714460579
2026-01-01 20:29:00,24.326690221026507,35.56529133237192,59.7808013401514,623.6403392081065,18.221674131719887,1.8709210176243198,33.99617016794083,13.267319836582194,72,18.170820599957175
2026-01-01 20:30:00,41.29347212876971,56.34571995461436,66.47392049108463,535.3803155041958,16.53618891623491,1.6061409465125873,26.491570004908397,11.705175085279016,56,16.493926054515654
2026-01-01 20:31:00,18.048411206188014,62.542687816695675,41.93346804192883,678.9555059151234,18.111420318608022,2.03686651774537,37.30073485765343,11.985663486093433,75,18.31280279423613
2026-01-01 20:32:00,17.458664640877917,37.17466199163478,70.109758736427,536.5932758547831,17.87886933199142,1.6097798275643493,28.761994630361322,12.654902774114925,74,17.8670363101016
2026-01-01 20:33:00,11.089692900957898,24.041251145758203,41.0731543491012,715.0059473241907,18.389262134783117,2.1450178419725723,39.68469313686648,11.546026964346183,45,18.500868552390305
2026-01-01 20:34:00,32.80833888815597,47.37230083891791,50.46372879774349,663.7763803834004,17.358945774027074,1.9913291411502012,34.53328558467315,12.081566451153886,55,17.34182705965251
2026-01-01 20:35:00,22.898422030331638,36.39423596484339,0.735304455442698,1019.3299871827529,18.15909276978498,3.0579899615482584,55.87983408417265,12.690022966597422,67,18.2733870244233
2026-01-01 20:36:00,40.252538744387294,35.368774626086136,69.17201141346888,522.5550311886184,16.816955257488203,1.567665093565855,26.549114516804362,11.53441075598949,71,16.935450451610812
2026-01-01 20:37:00,26.5623467342045,87.19039618994186,66.13426789447244,525.2153078424367,17.948327794418812,1.57564592352731,28.027328672886227,12.108456458319896,65,17.78783434424342
2026-01-01 20:38:00,43.88676997701526,63.14103401480068,3.8400877326344562,992.6336534249438,17.545559452348407,2.977900960274831,51.930467501301614,12.6822708847945,50,17.438614713535987
2026-01-01 20:39:00,16.49339304960924,58.98149102204671,36.82501073951331,742.2400349724987,18.35895254072629,2.2267201049174963,40.88117116537953,12.818243270356865,64,18.359366799220705
2026-01-01 20:40:00,40.401810878446376,49.104257246632535,97.90318407916673,328.3948678180014,16.343690523009734,0.9851846034540042,16.08334914394368,13.629228894027204,70,16.325213657984833
2026-01-01 20:41:00,37.18088984771096,50.0261033401101,42.07365625686168,662.4097947261391,17.26314365029425,1.9872293841784174,34.355092926274324,12.984294933476399,60,17.28793525286855
2026-01-01 20:42:00,36.98226456254182,57.863350268665656,50.19454051318417,657.5778507479079,17.675511111938583,1.9727335522437235,34.75665239882542,12.453892345818986,42,17.61852347434063
2026-01-01 20:43:00,39.567412984091064,68.75008649252752,90.99301581597186,350.27717278529644,16.453300748559492,1.0508315183558894,17.360688931224022,13.639807707406057,51,16.520906185214372
2026-01-01 20:44:00,36.63583968300496,69.15022673272806,71.72618758657563,530.9828796375411,17.03885964572249,1.5929486389126233,26.983730561360044,13.305230861791927,79,16.939485619435693
2026-01-01 20:45:00,31.917711257099537,32.01857353938147,58.20701311242236,605.0126551708254,17.22410690960365,1.815037965512476,31.30834418547761,11.96002051855932,64,17.24941559370506
2026-01-01 20:46:00,14.593570718883566,55.00789264536389,79.78046813410725,446.3338779782352,17.84995473454117,1.3390016339347057,23.957336136553224,11.800937431102286,56,17.891939434124293
2026-01-01 20:47:00,11.138416282193816,48.837066652387136,86.43662664559733,404.66981334782315,17.55319529702605,1.2140094400434696,21.307108812575017,13.054366762208286,77,17.551023995177566
2026-01-01 20:48:00,42.22967467354904,80.93688763885689,45.68880717372669,660.2095327263788,16.9507229595907,1.9806285981791365,33.69017088528439,12.787731280827064,75,17.00983764258326
2026-01-01 20:49:00,31.58276100822583,64.19932448528635,47.51083649318354,699.8892783582763,17.38445366680485,2.099667835074829,36.43256581881935,13.31624931172334,75,17.3515854318552
2026-01-01 20:50:00,37.87880518416617,57.275284649118724,38.60509356518358,769.591753412053,16.934658488220073,2.308775260236159,39.2223855033491,13.19925161518098,58,16.988394747151414
2026-01-01 20:51:00,26.853282302939252,28.077624952524218,96.67061400184606,331.16397219804196,17.40157219337849,0.9934919165941258,17.241773868937237,12.937986527872285,41,17.35471983309661
2026-01-01 20:52:00,14.105786613683808,62.3946522526388,69.71662542903503,543.7916933682276,18.06559530625091,1.631375080104683,29.27338571339141,13.768678994746452,56,17.943994652359763
2026-01-01 20:53:00,14.381502727089266,28.20427339761634,8.322306620807229,930.3608896808987,18.586800218709318,2.791082669042696,52.07806459275026,12.72725637925394,69,18.658732387390135
2026-01-01 20:54:00,33.994785053014,43.60446028960264,86.29596233130185,379.98599235638744,17.20047066839208,1.1399579770691624,19.622698801193003,11.760143239953956,49,17.213528214121595
2026-01-01 20:55:00,25.060706321481195,29.99893753700323,48.05599408362681,664.4265363891909,17.55789440020837,1.9932796091675726,34.90583677751522,13.405029199076774,74,17.511761328904825
2026-01-01 20:56:00,17.018365434511786,68.44515529170582,6.875390642248746,960.5710862716167,18.28983297526414,2.88171325881485,52.83165577820792,12.079262733395131,75,18.33341871076228
2026-01-01 20:57:00,27.20580913595029,34.43764796853068,54.971725516331105,607.3181877608199,17.70098011883885,1.8219545632824596,32.16578440562814,13.287794940731013,72,17.654548062756184
2026-01-01 20:58:00,12.247312797629693,47.43015612316182,41.716427897570206,718.7403685243784,18.801182271772326,2.156221105573135,40.4197497495881,13.70134632080012,40,18.745642385707153
2026-01-01 20:59:00,30.36899906700396,82.6972344333145,87.7749404862625,391.7032062376308,16.91256269008928,1.1751096187128924,19.74681996091796,13.102629682117986,57,16.804236512459852
2026-01-01 21:00:00,19.41476915522842,34.30214683792792,20.399460360938736,837.2376419676077,18.356056947948936,2.511712925902823,46.257352807943654,12.870869370184543,43,18.416655952557427
2026-01-01 21:01:00,37.914568522301586,55.54635447711454,82.6464609492183,431.85063370450644,16.823969908410973,1.2955519011135193,21.91846762459881,12.558888204052593,66,16.918247432434022
2026-01-01 21:02:00,20.862668562325084,49.349016281621545,55.768869118545275,626.8884810206135,17.504609457719827,1.8806654430618406,32.97815911818911,12.338142691789427,64,17.5353671966762
2026-01-01 21:03:00,25.93270521786304,21.26868287320108,5.461030321346905,965.2021741023794,18.26409303388715,2.8956065223071383,53.165849911585056,12.311910927235223,67,18.36086826784186
2026-01-01 21:04:00,10.406718896783522,75.4930679500969,97.18453013254846,342.7612511373947,18.275576928240103,1.028283753412184,18.734432406338605,12.963657223132058,61,18.21912710783535
2026-01-01 21:05:00,12.535641072809561,24.83321344202198,51.26152441031999,616.821253257821,18.169917581577405,1.850463759773463,33.837751870664285,13.227928168956815,64,18.286092711595046
2026-01-01 21:06:00,23.73727447423397,53.19785146838675,29.08768542315825,805.7452104805293,18.555525006293962,2.4172356314415877,44.289131163825296,13.060589259814154,56,18.322223364468694
2026-01-01 21:07:00,26.797859215099322,59.2474806457265,46.94068419892581,648.0095964795838,18.03900533498675,1.9440287894387513,34.81641359685995,11.956343232745194,51,17.909412548829376
2026-01-01 21:08:00,31.00071918417563,63.989851963021096,85.7857783517489,377.21792437309597,17.087672089454337,1.131653773119288,19.33590545214434,12.63617051433003,55,17.086414512494304
2026-01-01 21:09:00,20.208190254825613,68.20421405155129,30.49031243850635,773.9491962556998,18.19696465287708,2.3218475887670995,42.049182720955066,13.320772166021046,76,18.110225203577283
2026-01-01 21:10:00,34.32436601442899,37.72906684659006,19.26763964867003,846.285318787825,17.244963912512613,2.538855956363475,44.19803976281506,12.59411937983483,55,17.408644098943693
2026-01-01 21:11:00,40.10428390162216,20.698514366091455,12.907124693088146,898.6902107735601,17.637645752345946,2.6960706323206804,46.872019462858745,12.734233543391635,56,17.38530841920599
2026-01-01 21:12:00,37.29478461126725,70.64105636484385,29.785939839021125,787.2154149126283,17.421014214526366,2.3616462447378845,41.281660611510766,13.273612910792892,70,17.480035675746414
2026-01-01 21:13:00,11.3866588871925,57.495961954330504,78.00480870400435,470.7094287985973,18.109846085240203,1.4121282863957918,25.59044169990227,13.020910204409711,54,18.12189582663014
2026-01-01 21:14:00,26.81774315402401,78.52823922450742,47.16263651952617,663.4383635892028,17.079176857911353,1.9903150907676084,34.362332641084784,12.441493318029503,52,17.264770186630198
2026-01-01 21:15:00,13.67255624463612,77.4971854030486,22.748160369353997,809.0503632791302,18.882319242076292,2.4271510898373907,45.712212450895414,13.559449235746705,79,18.833690511602203
2026-01-01 21:16:00,18.471575555188462,79.03283174515182,16.61849996097492,906.4718572030788,18.41353923670646,2.719415571609236,50.374926281568634,11.873904257926,66,18.52417365241417
2026-01-01 21:17:00,44.533190764350124,53.95662619856781,33.27294765103791,750.3475637704339,16.88310248425938,2.2510426913113015,37.981701307941464,13.789687831757748,60,16.872936908102776
2026-01-01 21:18:00,14.987344001552962,43.3539877085806,93.99243728857088,340.8785304379113,17.92895482997142,1.022635591313734,18.390446764840124,11.773360930495345,41,17.983382273263874
2026-01-01 21:19:00,27.461085370797463,75.40907418139591,34.30267125900244,768.8120313257972,18.027317104252337,2.306436093977392,41.827429597982444,11.53438493353975,47,18.13509149774537
2026-01-01 21:20:00,31.635450701134168,51.590587912047845,98.81240759546354,312.30535519981083,16.29586703366917,0.9369160655994325,15.343221548071924,13.547043472642159,46,16.376303183845433
2026-01-01 21:21:00,34.58627396904364,32.840953748240416,48.523045576535615,682.2222719146802,17.453451242812807,2.0466668157440404,35.67518819119606,12.0633930692417,49,17.430872439404254
2026-01-01 21:22:00,29.587703922041992,79.8481813693032,17.916391829015087,884.1653200647496,17.48338384454607,2.6524959601942486,46.714519981039835,13.178309143127459,43,17.61153294183295
2026-01-01 21:23:00,10.341979659671429,81.77919137406431,89.11400917935094,358.97574415060126,18.09630556749976,1.0769272324518038,19.569045840459985,13.36533536234376,75,18.171186734602117
2026-01-01 21:24:00,21.426145788539714,52.64168292981191,46.03553731348269,721.3224822854544,18.15258921260256,2.163967446856363,39.13808193168565,13.47566869937387,74,18.08626187447611
2026-01-01 21:25:00,28.1199075184649,25.29898091168512,70.96713435045244,507.11672881359766,17.792073010072695,1.521350186440793,26.67204526675745,13.780666742027584,42,17.531825022585263
2026-01-01 21:26:00,13.075327470069167,47.14782629418519,98.37115832091517,308.4550872211637,17.806825616384653,0.9253652616634911,16.43362343560462,12.176291333091998,57,17.759066734429354
2026-01-01 21:27:00,22.271942592321327,76.24763616238224,5.0175350319974,984.1557632371297,17.94626232865807,2.952467289711389,53.25657099740623,13.133559686432697,63,18.037988492875797
2026-01-01 21:28:00,11.16210880769783,83.124181998236,9.669455978756714,937.3028270673045,18.771063744957498,2.8119084812019137,52.88574249046732,11.765419674045905,71,18.80777516196473
2026-01-01 21:29:00,12.750247400425726,34.24309197483171,72.04567414627562,503.6648448348572,18.25251332487421,1.5109945345045714,27.5746747932921,12.435661370120753,73,18.249354424258954
2026-01-01 21:30:00,23.892314667055864,24.688152841769007,28.1825003295472,852.5661776651833,18.302369503816454,2.5576985329955497,46.901315998617136,13.450334894618958,41,18.337311998880025
2026-01-01 21:31:00,14.645051391507113,81.41453171929871,18.430139695009906,865.4865935698297,18.47191687735858,2.5964597807094894,47.727113823713005,12.34561350593595,41,18.381611060684886
2026-01-01 21:32:00,29.863929689154535,47.25834572852127,3.9361879819729495,966.0914662458414,18.23310014858706,2.898274398737524,52.78149758744478,12.859519375231912,49,18.21135280028564
2026-01-01 21:33:00,34.1312739198043,57.92326749872943,2.1846711986201806,987.038871849908,17.785205392346327,2.961116615549724,52.395241520098956,12.65867892056666,62,17.69442015385534
2026-01-01 21:34:00,38.0205344688179,87.76460684355312,77.4485603119791,479.29039652776714,16.908954468639894,1.4378711895833014,24.35811144311436,12.985688521557703,54,16.94039884766966
2026-01-01 21:35:00,17.005258548568353,24.6595309539956,13.443342736955,875.765920237507,18.543957184326842,2.627297760712521,48.37224880922102,13.737657095591699,51,18.411407162354717
2026-01-01 21:36:00,15.861890379067441,65.38226052164669,46.77206159711509,633.2844509906643,18.22661772464689,1.8998533529719928,34.65953061706103,11.628191710953224,56,18.243266283075044
2026-01-01 21:37:00,13.65987441170401,25.187379580240695,60.5896815179483,564.129923961959,18.294457705357996,1.692389771885877,31.12571628285547,12.82011149025375,57,18.391576692271794
2026-01-01 21:38:00,32.27505873402728,46.28282499265502,42.835180056884624,667.475280420622,17.409789206576086,2.002425841261866,34.42581953859936,13.484966192275655,53,17.192057168471862
2026-01-01 21:39:00,34.72665042704154,76.26701816354128,2.7106652336233106,972.528716414124,17.45398159922363,2.917586149242372,51.455947942747024,12.607180237021383,56,17.636479373919745
2026-01-01 21:40:00,11.105515068897471,50.34305629289441,78.35015025879089,461.5989421110496,18.150241304659627,1.384796826333149,25.236696860102647,11.680612527665618,54,18.224115177190118
2026-01-01 21:41:00,42.767428618529145,89.80276477320653,1.0513224541653488,974.8257655497973,17.79148116442127,2.9244772966493917,52.214155610819766,12.789240510558573,51,17.85418394960431
2026-01-01 21:42:00,11.818994927801533,59.134149946262156,76.1889894377484,438.14054240013434,18.194453752082417,1.314421627200403,23.58548630553985,12.263769948894787,55,17.94362312477676
2026-01-01 21:43:00,28.945371735537467,42.48135068451674,89.33044937881228,376.07359758262106,17.755554475211095,1.1282207927478631,19.828332169435,11.856366106277253,71,17.574868586796445
2026-01-01 21:44:00,34.817118180782074,35.40779281333272,43.28399210571723,714.2629249522827,17.930815953488572,2.1427887748568484,38.10183390349549,13.452779380551988,62,17.781423139124353
2026-01-01 21:45:00,40.483919331113,44.53643740003133,53.554247309779825,591.2208000612089,16.860107137158213,1.7736624001836268,29.96278577592032,12.69967887987958,77,16.893173003395844
2026-01-01 21:46:00,34.993042624634974,46.07732916316856,47.698339261765376,682.5162731337621,17.507109573613093,2.0475488194012863,35.349889747838084,13.646535748471853,73,17.264491773228915
2026-01-01 21:47:00,38.06048290744272,24.809957440677266,38.920861862343884,743.9000910383594,17.16124815183656,2.231700273115078,38.21655706069184,13.35383796058706,73,17.124412951452463
2026-01-01 21:48:00,21.880756738998212,45.87019395987412,88.74245353703603,397.88452728388046,17.63687478493969,1.1936535818516414,20.935667367474682,13.093835125679435,55,17.539148447909376
2026-01-01 21:49:00,38.518878981127926,52.49669638174574,89.39335106699905,398.61614682844044,16.458605922784972,1.1958484404853214,19.660509381199056,11.511558657740217,73,16.440636384674352
2026-01-01 21:50:00,12.80401962346363,70.59164265671632,33.581636464153455,808.9688232441182,18.60305779309655,2.4269064697323546,45.1598863890689,12.483993950267974,79,18.608004450228876
2026-01-01 21:51:00,41.31858296211847,65.97106393051256,61.5069754014698,562.3293312173304,17.101763036097605,1.6869879936519911,28.892943672175228,11.954218447799674,46,17.126940903490244
2026-01-01 21:52:00,29.165733165380768,69.6135958660408,92.69075621458641,353.3561380994523,16.97856653704288,1.060068414298357,18.02066537952193,13.594835195412397,72,16.999530536384796
2026-01-01 21:53:00,38.60542194868728,20.585457731379996,96.20584989413516,318.2302820760934,16.609778629749776,0.9546908462282802,15.799111475000286,11.901543164755628,43,16.54892946488197
2026-01-01 21:54:00,25.831139958140504,35.23671797063752,50.895904042204755,643.768208599683,17.42058720001659,1.931304625799049,33.573543176531004,12.157938118816357,46,17.383867220139052
2026-01-01 21:55:00,32.525219331878375,66.31790018798995,45.28248052843268,713.6801034136975,17.56592446913247,2.1410403102410926,37.61609052228544,12.688724565789348,57,17.569071606152836
2026-01-01 21:56:00,28.42409313276396,53.8792557725823,27.869431592852578,778.0136891714186,17.999664613379093,2.3340410675142556,41.659627309974184,12.105736323695583,43,17.848712214109206
2026-01-01 21:57:00,35.605633261436616,20.371943296784217,95.887187319041,311.56869532340147,16.453136544992354,0.9347060859702044,15.656151076795409,11.982688757741979,50,16.749811851866426
2026-01-01 21:58:00,12.857049371070636,76.31462497022756,14.281430447286736,927.5736055990841,18.806131254592785,2.7827208167972524,52.19032553967579,12.87792844773633,59,18.755142529800665
2026-01-01 21:59:00,12.112322939669733,74.09667013032362,57.9829576047725,614.5200269046343,18.37938618028487,1.8435600807139028,33.751183227199995,11.704537902336554,50,18.307612309618975
2026-01-01 22:00:00,18.648613190355125,58.38934140954939,28.255026751863888,794.9521798006112,18.52507394374881,2.384856539401834,43.906109547970935,11.633785845058126,54,18.410377656923295
2026-01-01 22:01:00,15.584063803961591,24.65243280433905,27.90082903477966,821.7822367789568,18.491219700547294,2.4653467103368705,45.60326071824017,12.356164178927964,56,18.49770684465263
2026-01-01 22:02:00,40.512424830727056,73.65605346728093,40.496858737618844,723.3463056865088,17.193184598042873,2.1700389170595265,37.2647602221554,13.157528245368084,73,17.172392591304476
2026-01-01 22:03:00,17.672489557531552,60.859951141195474,99.87929358156545,330.8504371090616,17.804242579609397,0.9925513113271848,17.57376388350261,12.776055544030081,51,17.705647741277925
2026-01-01 22:04:00,44.155283953669596,74.73719840105714,5.4966306839822066,963.01377708866,17.66055856579668,2.88904133126598,50.59127949245398,12.472615877473592,67,17.51144192536866
2026-01-01 22:05:00,21.79135271198874,72.62228946770884,57.85418182035315,615.5333695349796,17.989077639660167,1.8466001086049384,33.274129701386215,12.80122859771654,74,18.019131238178044
2026-01-01 22:06:00,16.374127049104473,76.21014503704859,8.257215803527718,995.0397275851584,18.78912318586531,2.985119182755475,56.00807659612767,12.340538414702529,47,18.762425607552554
2026-01-01 22:07:00,37.63944774998677,56.26056464832374,15.452082999051896,903.797402107586,17.995265518227352,2.711392206322758,48.33709544036316,13.65313657149386,66,17.827408121792477
2026-01-01 22:08:00,33.054772142530666,29.82271627354605,43.95629417728987,693.2925040748679,17.308851147209197,2.079877512224604,36.4420618785711,11.626281249094781,61,17.52125385479708
2026-01-01 22:09:00,27.436850075859866,66.98102313657822,51.04601313464413,657.1268477619107,17.8558390456265,1.9713805432857319,35.3366814199794,13.048800401768622,63,17.924840305607958
2026-01-01 22:10:00,29.437724282817094,63.43316495363794,25.8792408364524,811.5396969807555,18.0633954508679,2.4346190909422663,43.620612186153,13.549950129103827,41,17.916811853007605
2026-01-01 22:11:00,35.17206223952924,71.9577231039361,31.645713087441617,826.2393624984034,17.271625899345665,2.47871808749521,42.540682188215044,13.348934830091084,70,17.162372115984834
2026-01-01 22:12:00,17.995915946595456,31.89167042355147,8.696702025593305,942.7245065747666,18.877502436288914,2.8281735197242996,53.24109593773829,11.923294380089327,61,18.825257915196243
2026-01-01 22:13:00,44.871687061985966,33.648263993020244,30.32197838442505,782.2874849045144,16.962022435215097,2.346862454713543,39.912813125095255,12.180630602654663,40,17.006882122526008
2026-01-01 22:14:00,44.11776067513741,82.32866620535299,96.6558439380544,306.6953123332185,16.205582130664258,0.9200859369996555,14.991663099307361,13.149210259026342,53,16.2937639805628
2026-01-01 22:15:00,32.76139902214279,72.49844589164496,94.47073816724817,360.6492366613916,16.950052011458624,1.081947709984175,18.403036396444932,11.693822286115761,64,17.00917357338286
2026-01-01 22:16:00,16.98398578252008,83.57599420902261,33.4878290136985,782.9289451606653,18.46099831830545,2.348786835481996,42.99735568686342,13.367281909614944,75,18.30619749622358
2026-01-01 22:17:00,33.807988485095194,73.11007248147445,57.08539362787616,590.4551571765851,17.227844814672373,1.7713654715297555,30.62812962162409,13.153485972591017,75,17.290689083587907
2026-01-01 22:18:00,12.526944314271155,61.80087141932113,90.95953911109443,374.8122531247875,17.87763824712897,1.1244367593743625,20.09086924494528,13.178095293241288,42,17.867495950705006
2026-01-01 22:19:00,11.072837577203213,65.78929159195116,0.6183822640896675,965.5002047871152,19.12409211558121,2.8965006143613454,55.61125602752302,11.73055515161546,44,19.199462880067383
2026-01-01 22:20:00,19.01890109789248,82.2389546758007,81.06835703375918,436.22091226514885,17.814946093788794,1.3086627367954466,23.203465414088043,13.150849253077332,40,17.73066869077889
2026-01-01 22:21:00,26.191803485876072,60.51647281583584,94.83695527889189,345.1964400892907,17.127815089261002,1.035589320267872,17.793172304209044,13.063581688005932,58,17.181687717295645
2026-01-01 22:22:00,40.38953768929332,64.26739270298711,9.132573433355706,970.2185821576945,17.29110643661258,2.9106557464730836,50.356864534324,13.411121728890256,72,17.300865825628023
2026-01-01 22:23:00,35.45091744182078,30.95337012025204,16.144768603292103,871.5702437223814,17.470226438017978,2.6147107311671443,46.11974427619777,11.59567069938988,69,17.63856465132226
2026-01-01 22:24:00,35.99472824199934,53.17448540812719,96.07463027713554,301.91053548400475,16.579213987530565,0.9057316064520142,15.16244597907542,11.553154537475923,51,16.74055081115106
2026-01-01 22:25:00,24.892266705682637,70.14779783706692,53.75401436403463,605.8133402332568,17.792558917133405,1.8174400206997705,32.33551408979391,12.35791632972069,49,17.791791597801254
2026-01-01 22:26:00,22.107724739143702,38.96598888214558,1.4196634471723701,963.330985863495,18.051644148817257,2.889992957590485,52.55209394763357,11.842213052853051,73,18.184159864337033
2026-01-01 22:27:00,22.986356704461095,34.157792636717446,25.763199876352914,846.3907480207092,18.060540710979144,2.5391722440621276,45.32430592947791,12.78428429841151,55,17.850032047045694
2026-01-01 22:28:00,44.56773473076203,41.967876575709084,44.99436742688596,716.0122139122791,16.814597533620407,2.1480366417368373,36.56119433653493,13.609902473465523,79,17.02074984483163
2026-01-01 22:29:00,11.403821699436886,36.90504395949834,69.29089110247676,521.3680938416393,18.478771898299506,1.564104281524918,29.027882004513692,12.400403379768237,68,18.558789428165916
2026-01-01 22:30:00,40.3461023642857,35.04388459254771,73.31603781367996,511.21363421794325,16.595914695361405,1.53364090265383,25.449612280444896,13.44338586772699,54,16.59424460863465
2026-01-01 22:31:00,30.253639300033768,49.739559000766086,99.54215129254561,305.8841085637855,17.27751916077675,0.9176523256913565,15.88826214901924,11.500554011391094,50,17.31403245455633
2026-01-01 22:32:00,25.351539671635667,83.5486959718474,28.7511199383759,796.8399274773534,17.92405057371513,2.3905197824320603,43.1117456334625,11.887583679956125,73,18.034465119381522
2026-01-01 22:33:00,35.38401811452978,55.49417527171028,53.82201018684752,616.5851763109922,17.108471493880305,1.8497555289329766,31.823682969139835,11.569974141204398,75,17.204264277829832
2026-01-01 22:34:00,27.0334129498646,33.15442665707261,53.332354785960504,620.4656966707252,17.45045275045378,1.8613970900121755,32.666622030796205,12.254738515184657,69,17.549518158203703
2026-01-01 22:35:00,40.56981333285812,25.388016856661185,40.56452594472375,685.0922872607531,16.743571990881218,2.0552768617822594,34.471605342957155,13.588836070101957,74,16.772244160363226
2026-01-01 22:36:00,41.52456524039405,68.73093015965478,16.91618938424202,886.8717695824527,17.69681800449064,2.660615308747358,46.56509165714773,11.722989884277672,48,17.5016250955389
2026-01-01 22:37:00,24.760232440570938,46.79591351054715,97.74565631838425,314.97372756702947,17.137121426690296,0.9449211827010884,16.185864586356328,12.894742486510742,57,17.129327697034476
2026-01-01 22:38:00,19.688972903226805,77.52816626097515,85.3317186666586,417.58518381494736,17.654257844352315,1.252755551444842,21.96828100566231,12.538440659974722,58,17.535967795413562
2026-01-01 22:39:00,30.732261500767677,66.16575380485392,49.83330282942372,653.0373501228062,17.74202584670603,1.9591120503684185,34.659294287393365,13.658476888441369,78,17.691328212123217
2026-01-01 22:40:00,41.932717096584184,75.73690153789579,60.32454226840298,574.4741300897973,16.549864890769364,1.723422390269392,28.330442169049054,11.781794027835316,43,16.438478650971142
2026-01-01 22:41:00,17.373176615198332,39.03622275929141,22.72610535596623,823.4934019080838,17.831865279709216,2.4704802057242516,44.744995843292365,11.987664056155127,45,18.111861709968576
2026-01-01 22:42:00,31.803830424721898,68.46512457227408,54.37870703917469,620.7921154622125,17.356924001140783,1.8623763463866374,32.38182624746052,11.567946527806434,72,17.387369803255606
2026-01-01 22:43:00,32.104607703238216,38.48433892856032,69.49701331214759,528.2856514312901,17.426568520101068,1.5848569542938704,27.411456042002392,12.49805107415216,71,17.295854977785996
2026-01-01 22:44:00,35.65895578453484,85.7347935615204,51.51670283865888,616.5163003077106,17.231600008553674,1.8495489009231316,31.976432193225914,12.139015668998706,55,17.288773590828608
2026-01-01 22:45:00,14.604868979454093,64.5461997073362,99.02851705849413,308.5498556641559,17.898468952331243,0.9256495669924678,16.404566783363805,13.500783647947738,50,17.72222163584428
2026-01-01 22:46:00,35.0538737638731,42.71582601227395,61.13416562477262,576.7216996571814,17.816851810397228,1.730165098971544,30.569357680421604,12.891363870354837,61,17.668462795020453
2026-01-01 22:47:00,41.816138223297436,38.865830360459086,37.09737125921691,725.9571055131164,16.95563716373889,2.177871316539349,37.029366465591686,12.912408697344114,75,17.002550235351634
2026-01-01 22:48:00,16.28890881045847,33.36486095501505,77.21520276158381,447.7364545707533,17.81068565900803,1.34320936371226,23.991065146341395,12.723394602826996,62,17.861002010912664
2026-01-01 22:49:00,18.31401637233572,68.62486712256094,17.046251158164203,885.2884588681749,18.201473951687255,2.655865376604525,48.609864537678654,11.711255775627162,65,18.302834535922702
2026-01-01 22:50:00,43.998828291457386,35.31009290985491,38.451581370626656,708.170510039761,16.874136290604604,2.1245115301192827,35.98305513068283,12.523542972568318,70,16.937095713790985
2026-01-01 22:51:00,16.334193344832144,61.67122861492423,34.69589503775858,764.1272090406778,18.379214486311874,2.2923816271220336,42.4147300618057,13.798861936329589,68,18.502473392728763
2026-01-01 22:52:00,39.90347826793527,38.52445188477502,43.180709510777724,679.8279459513719,17.358164734480287,2.039483837854116,35.314241083583404,13.421027368945834,44,17.315283616436986
2026-01-01 22:53:00,27.22972497568122,66.3378261355708,78.17798259287262,474.01119571055597,16.956069042559086,1.4220335871316678,24.319154386038914,13.554955824584367,77,17.10167369189373
2026-01-01 22:54:00,18.653087604111196,77.04578099783774,48.41730321634075,707.8354323933809,18.190273002332397,2.1235062971801426,38.49895618170923,13.393420626266948,64,18.129899700713374
2026-01-01 22:55:00,40.4762465445379,74.46176702012572,79.40144502659628,426.97474877978965,16.818798387794644,1.2809242463393689,21.463154526072767,11.73699589489126,73,16.755990518104618
2026-01-01 22:56:00,25.585683925093292,73.25959316515471,57.64889031398659,607.1419250495875,17.63271975772023,1.8214257751487626,32.41926630482574,12.02313098434904,51,17.798840198238622
2026-01-01 22:57:00,28.018607387539156,33.140568398457646,34.206943465755536,746.0165576420709,17.92438605927989,2.2380496729262127,39.76880925487571,11.507179798119742,61,17.769404198647056
2026-01-01 22:58:00,22.5731679289918,26.18694628891631,80.99787436834724,453.83396289752517,17.761938271244638,1.3615018886925754,24.112984500700875,12.198073287219657,48,17.710577341803116
2026-01-01 22:59:00,30.75327980022246,68.92641799411699,23.828967055309157,807.8920624311315,17.637351127194904,2.4236761872933945,42.565525409690906,11.749797025396933,59,17.562381325050417
2026-01-01 23:00:00,15.723335540475798,45.78430496560459,22.43829797997955,852.5436493086974,18.77836326324865,2.557630947926092,48.222161593341184,12.587424694193642,68,18.85422978340293
2026-01-01 23:01:00,23.687853782811622,50.26423584823431,50.45029240548358,629.388173823828,18.07045310403836,1.888164521471484,34.00247302091892,13.057393223719975,68,18.00821519219105
2026-01-01 23:02:00,43.92943128173506,22.180436495537375,26.084924596208893,813.2658360445704,16.91708097753927,2.439797508133711,40.99943482071552,13.511362178587579,66,16.804441632567066
2026-01-01 23:03:00,19.03467014453946,38.170351449253445,0.9087034951216322,973.0185700312024,18.332912898296012,2.919055710093607,53.5435784194375,13.223199479709066,56,18.34277373819648
2026-01-01 23:04:00,32.985783258945226,22.35734827121248,64.82975272988016,562.638740308754,17.235476843419324,1.6879162209262621,28.754133200206258,13.658746870290562,44,17.03528459749449
2026-01-01 23:05:00,21.38165224786432,81.54300408208734,51.1093821472398,625.4947178805295,18.059159922098175,1.8764841536415884,33.87945876298148,11.623966067905714,52,18.054753458606882
2026-01-01 23:06:00,37.071559399031024,37.03776782529714,44.55178144931612,699.1768150414237,17.10232027937234,2.097530445124271,35.633354173468256,11.528013621458046,54,16.98824169932709
2026-01-01 23:07:00,14.580578125142244,59.01360187011056,96.69685146183153,316.2400792019327,17.758427226430037,0.9487202376057982,16.819980959239675,13.02107766182329,54,17.72912634570417
2026-01-01 23:08:00,43.943736577749064,22.728552446279128,57.11991839629137,597.8711237899831,16.899112889366563,1.7936133713699491,30.205454917602417,12.165510543511166,57,16.840560736080878
2026-01-01 23:09:00,25.882633948427376,66.67931739139607,86.34315777893845,398.55301369543344,17.173331409449016,1.1956590410863004,20.733283318924734,12.083052337043279,41,17.340464636212495
2026-01-01 23:10:00,18.261766217126237,42.61191420278657,13.945023620516018,887.148341223211,18.55651707794258,2.661445023669633,49.28839612122211,12.261040301695727,62,18.519411704121044
2026-01-01 23:11:00,12.572386156550444,82.8543430870366,56.92064631294277,605.7628180802184,18.04336686689733,1.817288454240655,32.92356845940782,12.120530933152438,52,18.116864377023056
2026-01-01 23:12:00,15.941526678063926,82.1682732253825,86.7979626730903,423.0209525754562,17.92178613906167,1.2690628577263685,22.851286398468922,12.67630373449365,43,18.006425969639437
2026-01-01 23:13:00,28.192088199460617,42.77034328532234,58.3105757279898,576.2640741874171,17.55655964125949,1.7287922225622512,30.05012456069463,12.512341428615505,64,17.382149322812893
2026-01-01 23:14:00,21.79511117509502,83.06726269833275,71.80141781270015,520.8262781765759,17.655182898824293,1.5624788345297276,27.61925074796912,12.67858566816631,50,17.676559923630528
2026-01-01 23:15:00,39.01091780589133,89.73103714491452,37.20435678122074,769.5314552012105,17.200967454990895,2.308594365603631,39.9416782449224,13.047241306451003,51,17.301297638088446
2026-01-01 23:16:00,25.081063328163207,77.77909648867637,9.244951703706661,918.9622382934924,18.159092672527358,2.756886714880477,50.16156986461677,12.390400170633642,52,18.195005835338247
2026-01-01 23:17:00,18.704999540567044,79.14099434286604,45.79002951270714,650.368701309239,17.965054055846434,1.9511061039277169,35.305458263703734,12.07800768042696,48,18.095099078738624
2026-01-01 23:18:00,31.60007453114105,37.430611527636295,39.44793908388575,729.9036444162351,17.55811482249158,2.1897109332487052,38.13321674434347,11.882261234660115,77,17.41472637567195
2026-01-01 23:19:00,34.737202590990606,60.36916792004294,86.70601823789474,382.10972187939944,16.75682649661308,1.1463291656381984,19.288586849307624,12.303790474925039,45,16.82639457102973
2026-01-01 23:20:00,15.846466776533244,24.707913977715748,24.399530235247223,866.5753527365295,18.61090640183991,2.5997260582095882,48.245654856674655,13.206154893066197,49,18.55797640844554
2026-01-01 23:21:00,15.866672570091119,26.64425557751688,96.6734227535108,323.9821915354211,17.603233283586196,0.9719465746062634,16.97759596440884,13.24042129325638,62,17.46762261216516
2026-01-01 23:22:00,11.283499942674004,89.92248284233034,95.81381198044961,313.2593279761491,17.81319213344637,0.9397779839284472,16.787449038341148,13.033882389373684,54,17.863207401567845
2026-01-01 23:23:00,35.77407052729742,42.86474745981377,24.76316430714387,803.7146596297587,17.597606682113618,2.411143978889276,42.30208512601908,12.038264803205811,62,17.54440443888634
2026-01-01 23:24:00,33.23315846676318,72.37287384341926,34.80519554773205,778.1617303476924,17.19708874592387,2.334485191043077,40.38682107048027,12.852598365465806,79,17.300097351414315
2026-01-01 23:25:00,26.612080651243485,76.46655371187715,89.55557408738851,361.68730190659676,17.73782020752794,1.0850619057197903,18.981251858733874,12.81258622162675,76,17.49324325061657
2026-01-01 23:26:00,39.5459657139219,80.06162897050604,96.66222208961075,324.2410213619334,16.906623912328435,0.9727230640858002,16.35437915997704,12.61381225565237,73,16.812985898866774
2026-01-01 23:27:00,38.19845535325186,89.83398081815096,44.3439102836044,708.7086829170189,16.934849497644837,2.1261260487510567,36.04657520528209,12.764951668682889,55,16.954110141520918
2026-01-01 23:28:00,30.487402753886325,36.90475396798075,32.099704564089784,765.616901012755,17.86829576734595,2.296850703038265,41.2183160651366,12.631118455034438,71,17.945579140434845
2026-01-01 23:29:00,40.38949481796405,22.82455788017898,52.6094013251542,630.8156141491174,16.936632707299083,1.8924468424473524,32.07325033026583,12.800549641970449,77,16.948032362583046
2026-01-01 23:30:00,17.20444235128689,48.78340625962102,68.77692063657348,518.2301873475353,18.016827703053213,1.5546905620426061,28.0634489363234,13.145663695628597,79,18.050826075288366
2026-01-01 23:31:00,13.917186678920476,29.105646888026286,27.34745153749798,822.234329467836,18.68345640523003,2.466702988403508,45.60480433173389,11.752144847127912,44,18.48816194983008
2026-01-01 23:32:00,19.441236403094635,21.569812241343858,73.64731746190728,496.28366447685556,17.884419169784415,1.4888509934305667,26.80969910672753,13.224139229942756,56,18.006972642005906
2026-01-01 23:33:00,11.99803996312602,45.229877899904025,5.165735711464103,959.4375753946548,18.983953311034433,2.8783127261839643,54.602954343216226,11.812538145293466,61,18.970473168705414
2026-01-01 23:34:00,28.59093348003612,74.86167757526655,4.929449276441645,966.7668362948389,17.90593912245756,2.9003005088845164,51.9379229393178,11.653244396343862,78,17.90777292912093
2026-01-01 23:35:00,42.78119923032365,59.63264838575496,38.628770514554525,722.1630261676486,16.749403147707746,2.166489078502946,36.31283580429178,13.744983278309377,57,16.76114417774223
2026-01-01 23:36:00,11.377023923397838,41.894459244724786,35.34731920607206,723.0165174191067,18.26275142742309,2.16904955225732,39.636372297314956,13.701081068402015,67,18.273613092916925
2026-01-01 23:37:00,14.273846990350938,65.80394038449037,31.56332153671523,784.208766390956,18.53860207434339,2.352626299172868,43.64170991404652,11.639004053363298,52,18.55020915535544
2026-01-01 23:38:00,25.826965989920232,36.24127262161675,49.101976266891,694.1300013484243,18.00164759151578,2.082390004045273,37.30464459597802,12.519482915392413,40,17.91434098488257
2026-01-01 23:39:00,42.685625613476674,21.00670122504595,32.07335823115712,757.812109568079,17.24352846408342,2.273436328704237,39.06361530886564,11.928363358089483,58,17.182630019434175
2026-01-01 23:40:00,21.06546367418627,73.50473705054992,19.225791846809194,849.9588628802817,18.28996005282691,2.5498765886408448,46.53032365482468,12.616293263409162,73,18.24806889168963
2026-01-01 23:41:00,27.753218304093735,63.662015940480636,30.946954908860093,765.9567602051045,17.27647599775557,2.2978702806153137,40.39627214770398,13.409407658899053,43,17.579874933970096
2026-01-01 23:42:00,11.455050066763723,73.3611837150672,97.4904272810235,332.05884460729806,17.86890029138432,0.9961765338218942,17.770714293620124,13.686407081908648,42,17.838920803968005
2026-01-01 23:43:00,15.19201203367311,22.725661168136593,41.11134169948486,721.1903171875349,18.437090665873026,2.1635709515626047,40.24816311860169,12.958781102938536,49,18.602654601890034
2026-01-01 23:44:00,44.53205430355964,78.59837394814565,44.47127768583358,685.5303023508359,16.81939904174184,2.0565909070525077,34.457701514278945,12.31398303458718,67,16.754767025428258
2026-01-01 23:45:00,43.77915437526159,63.36683400254123,57.654498995114004,578.0581258014226,16.9042627328324,1.7341743774042682,29.05923574474872,12.887648800982577,73,16.75681299607535
2026-01-01 23:46:00,10.172899332704336,59.43767454988481,98.33407684142266,313.50899794284,17.703864522305214,0.9405269938285199,16.73807776712404,12.217603004049437,78,17.79648843356407
2026-01-01 23:47:00,43.313412489813366,63.72298336801721,24.160127643576303,799.5866639482499,17.124847908289244,2.39875999184475,41.14119494116968,13.59259437391374,58,17.151025980523514
2026-01-01 23:48:00,32.369197823542514,80.51032728078549,68.12821105324338,525.9710539644462,17.06902420692843,1.5779131618933386,27.028011082354272,13.501921065143426,75,17.128959777433728
2026-01-01 23:49:00,40.37714030820077,61.08555545912349,71.59846935417241,516.2412022425518,17.138390508284623,1.5487236067276553,26.351295725935973,12.78393302564322,42,17.014847330708943
2026-01-01 23:50:00,25.915894947185066,60.66652659217255,60.73244167930659,549.8489255121804,17.743192970677587,1.649546776536541,29.252551476063864,12.247037505374829,62,17.73369018215038
2026-01-01 23:51:00,28.04586100027376,89.3475409946036,8.857833963664408,907.3447967177558,18.082415893804598,2.7220343901532673,48.75050071884876,12.174796253840851,56,17.909582955747965
2026-01-01 23:52:00,27.109630308992205,72.97111169479976,67.68722758275764,557.7781647545936,17.547228346507485,1.673334494263781,29.293147552940336,11.576861387821637,46,17.505852926212746
2026-01-01 23:53:00,33.34024901411365,50.96056638157947,6.409471103617548,942.8985094845855,17.71135708357665,2.828695528453756,50.031454810977294,13.37638795735818,65,17.68711206551307
2026-01-01 23:54:00,14.887793916470951,69.51779000230493,59.61426495498969,605.4191022339486,17.936672996478656,1.8162573067018457,32.565225281049145,12.535881389989719,57,17.929852318218373
2026-01-01 23:55:00,11.049075645543729,47.2461330184252,73.95811772217426,479.2132226408235,18.12667677570034,1.4376396679224706,25.942031791361842,12.247805735320608,45,18.044877565774605
2026-01-01 23:56:00,20.77754795569168,36.021282373844926,21.096989061995043,849.0819802272082,18.150620418275853,2.5472459406816244,46.67672559277207,12.583553816494835,70,18.32438903810039
2026-01-01 23:57:00,34.66382669578263,61.77963138214316,84.1622007542774,419.63284870999115,17.01984423347382,1.2588985461299733,21.415513222726226,13.3830973780457,68,17.011309837921768
2026-01-01 23:58:00,17.064870824303192,84.9727468679766,3.0353805533004263,961.0723589919683,18.661069933618524,2.883217076975905,53.82411141752433,11.786612677727298,48,18.66807457799132
2026-01-01 23:59:00,33.570135166372104,85.03976640108239,84.3812863658306,411.98093830909875,17.00165992106909,1.2359428149272964,20.923421802558867,13.472608772956203,74,16.929118038353316
2026-01-02 00:00:00,43.94692161375446,43.933369467384324,46.032905064276505,670.1398762535827,17.025706894249442,2.010419628760748,34.26655123300618,13.564270320749214,56,17.044477054836847
2026-01-02 00:01:00,13.286525052629644,56.93742263551865,21.75879399316445,821.2785731797483,18.52642654463406,2.4638357195392446,45.901998576289955,13.677428204577943,51,18.630299988050325
2026-01-02 00:02:00,33.54107413787942,34.81451289989028,13.3778144993968,913.1049399987504,17.883989536215314,2.739314819996251,48.98786399593804,12.414222382572044,75,17.883254468723344
2026-01-02 00:03:00,25.53125767565999,89.69417766492184,95.33071675823726,327.4188265547809,16.801526276721834,0.9822564796643427,16.609770766153147,11.999422929286645,63,16.909810329608668
2026-01-02 00:04:00,40.384978903212684,88.6782535507555,7.266558758115671,945.9935921242961,16.472735171443393,2.8379807763728886,47.29569146571795,12.359373882473406,49,16.665261392702142
2026-01-02 00:05:00,16.200242630658508,65.46562507952132,19.909341993592566,836.4313871765689,18.62410480294809,2.5092941615297066,46.550901026004155,12.265697821332228,69,18.55139255479954
2026-01-02 00:06:00,34.24190832791576,76.30898417742313,34.7822347433046,788.352364152124,17.293386156357567,2.3650570924563716,40.76289421373325,11.905153998756578,68,17.2354799990881
2026-01-02 00:07:00,39.334035137683856,70.05701128985899,62.023484896112045,583.3698894549381,16.962571831154964,1.7501096683648143,29.604614924328075,12.896713341233422,78,16.915862736755606
2026-01-02 00:08:00,43.061497681590815,61.52107533276278,54.480108527609836,637.9223579901707,16.923682086895376,1.9137670739705122,32.13863539687891,12.596235569169847,49,16.793389244700794
2026-01-02 00:09:00,33.91368099013761,23.73435978922284,12.564349241231398,905.9406612625465,17.964203873839654,2.7178219837876396,49.00425203870328,13.49111228234521,78,18.030707062870047
2026-01-02 00:10:00,27.401116740294956,51.833503978686274,28.972798373821462,762.6067535931815,17.76074218968662,2.287820260779544,40.96079902117912,11.573852035108734,67,17.903853603963746
2026-01-02 00:11:00,31.624653407042484,67.23504115171875,23.875177108602408,871.9321078895733,17.802834319161164,2.61579632366872,46.586906926217274,12.980896233376791,57,17.80983729684197
2026-01-02 00:12:00,40.41167445675514,67.42721297185793,21.354285449034137,849.2980516966437,17.436011555663352,2.5478941550899314,44.51365132900643,13.254782420576591,56,17.470761585633944
2026-01-02 00:13:00,29.97134113235904,46.11858328956685,41.1144336479987,697.2229685436081,17.586737341888263,2.0916689056308244,36.96181202553557,13.246819109133106,50,17.67096691356527
2026-01-02 00:14:00,11.06354708938929,85.91843906606213,70.40314525916568,515.5140146755025,18.170573353597327,1.5465420440265074,28.113904662710876,13.537970124319708,40,18.178558268946105
2026-01-02 00:15:00,42.583204342744224,31.714992256574668,21.745293221723593,871.1253632080007,17.38066249910524,2.613376089624002,45.582043223524394,13.176777608507837,56,17.4418230137257
2026-01-02 00:16:00,34.13343628610464,55.02516123508924,36.66788797029814,742.8637730862037,17.052073291410736,2.228591319258611,38.41127305625977,13.633963141789703,75,17.23567381974642
2026-01-02 00:17:00,33.677968502203626,68.36187835855759,39.09174268411623,751.9293045699739,17.514527300172116,2.2557879137099217,39.608579102761034,12.265110179588051,75,17.558644969251493
2026-01-02 00:18:00,17.5486303339201,68.79950641242664,97.64565294354102,338.1404281655503,17.256627650054668,1.014421284496651,17.62076670247666,12.65738165852855,48,17.370265166725055
2026-01-02 00:19:00,33.060991458143,65.40472697381709,95.46663568790689,310.20592643661075,16.926212895412057,0.9306177793098322,15.730277075455419,11.532383225550648,67,16.903048088250966
2026-01-02 00:20:00,23.785254197895547,39.270174941630216,80.01375827520759,426.4278899603574,17.47337357757628,1.2792836698810723,22.43732693083391,11.51600245079757,72,17.538977053400345
2026-01-02 00:21:00,32.79315419645222,30.934459808063536,24.165892081918518,849.9894986921657,18.131780678012674,2.5499684960764974,45.9520069828702,12.052291227038495,42,18.02061753059857
2026-01-02 00:22:00,13.730756060779676,64.51582287786977,6.803731409166969,898.1216288596225,18.55803646828888,2.6943648865788674,49.56998178256547,11.731856553419895,47,18.397649861562094
2026-01-02 00:23:00,33.02458566110626,61.95114812976064,31.690413772062477,775.177989732263,17.50929840367351,2.3255339691967887,40.560475768447986,12.098486146252233,45,17.44136026637232
2026-01-02 00:24:00,44.979480401973326,32.55492072024687,26.679454943383085,784.6271913638251,16.987400634063572,2.353881574091475,40.35142253930248,11.907199577415314,45,17.142503252261903
2026-01-02 00:25:00,11.687421360119462,69.35974018993943,50.59258001463939,636.320863868854,18.637693278964676,1.908962591606562,35.291322977891014,11.565596057128891,68,18.487173679076772
2026-01-02 00:26:00,44.2010964477461,51.862039421355945,77.7727910067793,449.6140611719608,16.70799932467551,1.3488421835158826,22.323914469987926,13.591399536733913,76,16.550427279638132
2026-01-02 00:27:00,24.24177862530047,66.7432414122207,85.8322938878858,392.0090552266493,17.23657656211404,1.176027165679948,20.26847246519288,11.518913202194451,51,17.234697510983246
2026-01-02 00:28:00,40.47637076180407,78.61569558391055,84.48640854105085,397.5499151703919,16.63663528108065,1.1926497455111758,19.68390007929766,13.192988931975297,48,16.504342665047098
2026-01-02 00:29:00,37.38349194203957,31.88099000038462,35.967556122306775,726.2842341512763,17.464092441964922,2.178852702453829,38.17188689961972,11.849940139914889,58,17.51925995576959
2026-01-02 00:30:00,29.845569134533374,21.340140759778567,68.72343434606829,564.7741849138957,17.207956388408434,1.6943225547416874,29.47203088790278,13.59812813059908,56,17.39458098189339
2026-01-02 00:31:00,35.84572232379642,74.53718104770508,31.283419752422002,818.3653018162731,17.48430533190132,2.455095905448819,43.11230355119152,13.553430661056737,71,17.560333775763482
2026-01-02 00:32:00,40.748044645547175,62.67881976068311,6.090554323518271,934.1248033302464,17.563677393567193,2.802374409990739,48.735385223647675,13.003972636649292,74,17.390747306962716
2026-01-02 00:33:00,24.144911257786156,68.97476987354852,70.15652656029422,540.5466491040117,17.26784931535561,1.621639947312035,28.244033730821766,13.046138544541392,53,17.416957307716757
2026-01-02 00:34:00,21.446160654713353,78.67084824920498,0.9827552569787845,985.1314033916915,18.64210328576002,2.9553942101750743,55.094905596281684,11.512280026530284,55,18.642151157566868
2026-01-02 00:35:00,33.365768494725465,76.19676543771504,40.91825874584886,716.1559382456923,17.560006348872783,2.1484678147370766,37.71977276154077,13.765204602061285,60,17.55659195953876
2026-01-02 00:36:00,38.27460796794405,87.26441028501773,32.937926930207574,768.1690322906087,17.698353093115365,2.304507096871826,40.904195584601425,13.519014988224374,51,17.749650517512148
2026-01-02 00:37:00,36.67997971718155,57.51545551964828,69.33775385188524,501.44075021172404,16.720693703544686,1.5043222506351723,25.220031525424922,13.558744319179212,63,16.765045863528396
2026-01-02 00:38:00,37.92347771005221,54.194694286193375,76.62454727603789,483.30521593985776,17.050523436070893,1.4499156478195734,24.7113452184465,13.016262435217007,73,17.043298522647273
2026-01-02 00:39:00,25.245416018452655,48.132103992351105,30.409463597128383,789.6514854316345,17.653681399823945,2.368954456294903,41.95394092063213,12.293009935905435,47,17.70989763401742
2026-01-02 00:40:00,38.62419756612576,30.75837299909432,81.16270144448535,422.33006142421783,16.64154867764786,1.2669901842726534,21.264852241412722,13.555391892908107,60,16.783754527364653
2026-01-02 00:41:00,14.207316937971296,60.08250630174157,29.391676050493377,768.1664787705369,18.70868838336422,2.3044994363116107,43.0646077344622,12.170488934747743,47,18.687185189069872
2026-01-02 00:42:00,29.057118428629735,39.39087670281852,44.63263599865612,669.6996477350249,17.29460318519625,2.0090989432050748,34.53091901588273,12.794236549687067,67,17.187266526951756
2026-01-02 00:43:00,10.201553117434255,84.49152585490829,72.7018527014134,458.2594287780642,18.273282244312405,1.3747782863341926,25.00216470783307,11.72938123639093,55,18.186324992447062
2026-01-02 00:44:00,21.36050404650946,60.82335629939683,69.29202292247886,515.2003105109513,17.56115976989345,1.5456009315328543,27.26769768841389,13.620497949305326,49,17.64213331663243
2026-01-02 00:45:00,22.826153720498926,61.49881263556771,98.73684723122,284.90875753577217,17.070541199081923,0.8547262726073165,14.69758578771022,11.82377205287379,54,17.19566399061969
2026-01-02 00:46:00,23.866044206323938,44.844726261390704,22.51610242159319,837.076072798477,18.16093564111791,2.5112282183954306,45.677620117337916,12.017262653179937,43,18.189354429333388
2026-01-02 00:47:00,34.34135223414518,23.639254638439525,66.23179135395823,563.7794975944998,17.55951792694858,1.6913384927834996,29.433921971652396,12.783708563694894,65,17.402738775969013
2026-01-02 00:48:00,23.5995335444621,22.222063576109203,60.96819082757774,597.2086556653876,17.803740371125098,1.791625966996163,31.781976530314953,13.257413900489858,54,17.739180563229144
2026-01-02 00:49:00,25.704276791788573,49.63346009072383,91.509845449003,358.7855439749267,17.414458229564392,1.0763566319247801,18.668395901917872,12.924508003653488,75,17.34406176188497
2026-01-02 00:50:00,18.31404458060146,25.91957646680665,15.636214164487505,888.8048063257245,18.57935242624891,2.6664144189771735,49.30298046390183,12.033907999440359,71,18.49036673107036
2026-01-02 00:51:00,23.063812707026905,62.479286887809735,75.1798163586933,511.3387764775671,17.70625488688815,1.5340163294327014,27.097137851805716,11.502168997813229,77,17.664178230636292
2026-01-02 00:52:00,17.9544369542103,81.66811039477602,56.826861626876834,612.6270910190364,17.865411116036977,1.837881273057109,32.812338106527704,13.24144633470711,43,17.85335026127562
2026-01-02 00:53:00,12.561857331895528,81.80403715631056,27.46658697879054,801.1777619509357,18.911593386341004,2.403533285852807,45.29545652543008,13.765976849595516,48,18.845362696676208
2026-01-02 00:54:00,31.120700768348225,66.13317870925627,47.44349141471741,639.3751977545692,17.457450221424402,1.9181255932637076,33.5903435811087,13.362800176704008,74,17.512066831846205
2026-01-02 00:55:00,33.387447949425564,34.78622820310517,33.37765970697978,774.2338464144365,17.47950836901426,2.3227015392433095,40.928218535296054,12.558475221760215,67,17.62095467015089
2026-01-02 00:56:00,31.682162110336506,80.40977819512105,57.931340278846086,611.0670934997347,17.293490302390094,1.8332012804992042,31.569908676007056,13.578664701217946,76,17.22119060892766
2026-01-02 00:57:00,26.222291533020034,82.02654047192456,88.90006108146659,365.06654193946105,17.318414967235263,1.0951996258183831,18.831564560855778,12.442649648172205,48,17.194641156660342
2026-01-02 00:58:00,23.292502306273043,33.76575094670711,56.9304984412202,607.3105660142193,17.64929070022992,1.8219316980426579,32.359536396326035,12.707348393759975,41,17.761113894165522
2026-01-02 00:59:00,40.21667773501388,71.61982600394741,63.17224183265841,550.5228412730905,16.640317584710758,1.6515685238192714,27.346878784323714,12.597398465010071,42,16.55812543646917
2026-01-02 01:00:00,28.16786247976763,40.05636842489861,51.874784711470944,633.1958590357234,17.421870370864486,1.8995875771071702,32.77509235954768,12.529534907130708,44,17.253793799525667
2026-01-02 01:01:00,26.771365717040585,76.18482186470507,5.116550644547591,914.4277043369203,17.962699064349927,2.743283113010761,49.277385204060224,13.282938769375983,49,17.962923684525638
2026-01-02 01:02:00,10.89747230322525,89.80665299325219,23.285855687609423,832.5633821124113,18.77667539282166,2.497690146337234,47.10262870927465,12.711568486719832,67,18.858475611295834
2026-01-02 01:03:00,21.943673966915473,22.101820373057496,49.20017294320827,674.9861754457031,17.84696995418947,2.0249585263371097,36.11446320683251,12.228449380657997,54,17.834668086836793
2026-01-02 01:04:00,23.306846657504998,82.81561060536524,31.023528374470477,770.2072502673756,17.781154106187604,2.3106217508021265,41.21272900826962,12.0937637856145,53,17.836207503007675
2026-01-02 01:05:00,23.958797331391516,63.584137351906065,18.176359776119423,873.8160089314703,17.938174005184454,2.6214480267944107,47.18566344316657,11.586818829025097,62,17.999847016180095
2026-01-02 01:06:00,30.30603292295663,88.13678334153748,50.41328419184383,631.9879965232548,17.43493027073514,1.8959639895697644,32.97386981473343,12.841348872331006,52,17.391611864007988
2026-01-02 01:07:00,28.676089135440748,52.550666226849934,32.28097934478503,781.2419781123602,17.556913770329494,2.3437259343370807,41.52446436666988,12.02891125542238,55,17.717286717832483
2026-01-02 01:08:00,31.276678247770562,79.31715513999616,25.810764317341473,814.9941858278862,17.99736876454539,2.444982557483659,44.356290812888666,11.840708020637681,69,18.14176165679461
2026-01-02 01:09:00,36.77091415397449,24.367584801879406,46.39854174403808,656.4253769780933,17.40894557150327,1.9692761309342797,34.27922207166891,13.00380891680366,79,17.407016483465878
2026-01-02 01:10:00,38.45450085506327,43.4695335054807,13.328425808217315,933.3520486957814,17.73002699885561,2.800056146087344,49.6513175845894,13.066781292989562,47,17.732257852746855
2026-01-02 01:11:00,35.1343076679273,24.6911576425847,92.77457330754073,369.1566271178592,17.115091087839094,1.1074698813535777,18.916400261737547,13.229956252192633,56,17.0807356301351
2026-01-02 01:12:00,43.443329358422716,88.27401934353493,86.7702097919239,380.5103961779692,16.436357491327342,1.1415311885339077,18.548551875594658,12.658226861578761,69,16.248834952479005
2026-01-02 01:13:00,10.638140393672657,77.18817350902857,70.76205857405353,514.6213561699809,18.05600349518147,1.5438640685099427,27.85987947060537,13.556325591968939,56,18.04555209157389
2026-01-02 01:14:00,16.852229498924114,79.67831948721793,10.621382758845622,936.3985607444883,18.450429522897196,2.809195682233465,51.662828688880374,13.653588332815925,74,18.390612307863716
2026-01-02 01:15:00,10.264700624234974,85.6575662003726,77.5877254469693,469.7319465714384,18.41071082175151,1.4091958397143152,26.081768791632797,13.356953161522727,40,18.508264115312976
2026-01-02 01:16:00,32.66161499541111,25.957244028384974,80.7957328109019,400.5447524037852,16.985091787410276,1.2016342572113556,20.317590133243012,12.961865008618831,63,16.908298021058624
2026-01-02 01:17:00,41.43106921324954,46.99183147593334,76.77646177143377,482.69689842061615,16.39958156400952,1.4480906952618484,23.824307640413696,12.198558193259734,64,16.452220650520587
2026-01-02 01:18:00,18.521880380170472,24.972442233080148,11.396588711924116,908.8298997580166,18.408093673842647,2.72648969927405,50.17000496856919,13.760773319726509,41,18.400951590584537
2026-01-02 01:19:00,42.44620906787073,34.755517108502005,64.39079570677647,542.1078713837394,16.68224538483223,1.626323614151218,27.148431915349615,12.130513184541458,64,16.693130247339145
2026-01-02 01:20:00,12.10935866013463,36.055604392637065,83.43247957493986,468.730278020625,18.30460756225452,1.406190834061875,25.594515485046173,11.966110920577991,53,18.20131013876312
2026-01-02 01:21:00,42.705260938193,52.83750477333051,57.73534012196677,601.8900867606529,16.73676463193624,1.8056702602819588,30.45761671981635,12.51695446170914,78,16.86776228737374
2026-01-02 01:22:00,22.306794053387204,38.79935172175498,64.6407375228089,539.7883878313942,17.350382902841524,1.6193651634941824,28.466345356630594,11.630733312638494,72,17.57870676630303
2026-01-02 01:23:00,13.549728995722578,27.068467477243274,45.83634794263062,635.0396769464676,18.44086107442752,1.9051190308394026,35.172696847259985,13.75053726874512,56,18.462204344136314
2026-01-02 01:24:00,27.005511571521396,31.72437623658754,52.87073198840526,657.7001587600903,17.605289078504544,1.9731004762802709,34.644558341234,12.853397179757778,70,17.558435952814033
2026-01-02 01:25:00,18.98717987021778,30.309289448646364,3.4376858351725215,949.0320057376204,18.508160685335284,2.847096017212861,52.651158019813245,12.780989810827604,49,18.492933747754535
2026-01-02 01:26:00,19.970551568667297,88.11537585386088,63.89630219732846,532.6571065487107,18.111033319231762,1.597971319646132,28.74400911015446,13.008331443769356,45,17.98781289549037
2026-01-02 01:27:00,20.75514877242003,73.15047548429315,8.14472128911592,936.3599049944316,18.332155405499744,2.809079714983295,51.37362441081808,12.643154389887576,78,18.288418138081777
2026-01-02 01:28:00,38.10590642414322,87.74330256886934,43.50145943402234,723.8180197958495,17.060176590584398,2.1714540593875484,37.167826786402514,11.573746089317446,64,17.116561423770385
2026-01-02 01:29:00,28.870644683633905,50.7818340555536,29.265509766740784,810.6062313661298,17.708168707392158,2.4318186940983897,43.62855572113137,12.908315964332914,77,17.940710722806127
2026-01-02 01:30:00,20.895769470460127,39.48579371638596,54.54279502117131,615.0436846549957,17.73249919471896,1.845131053964987,32.76257214586502,13.14719991699979,76,17.756230418138482
2026-01-02 01:31:00,31.361682415882143,75.88052380464308,13.341633552320708,912.7744064065315,17.876914984320656,2.7383232192195948,48.67128298915112,12.458522839435323,69,17.774119084094878
2026-01-02 01:32:00,35.065273597811775,42.837774262880274,69.16434019733182,503.84190476125514,17.12444283459316,1.5115257142837653,25.943294717742862,13.241779815763744,73,17.163647612859872
2026-01-02 01:33:00,19.541840025673682,40.956836159374376,79.50115369284704,446.28499794137775,18.155986010283353,1.3388549938241332,24.304440865023828,12.022102988478368,57,18.153153983915576
2026-01-02 01:34:00,24.474218553387303,36.275419454548185,16.33544497431565,887.1186200753531,18.320183928826886,2.661355860226059,48.64438990119615,12.008936159452224,63,18.278047903396214
2026-01-02 01:35:00,14.266013266793165,29.077528475696475,10.431308735188216,946.3562367673095,18.74923240698433,2.8390687103019285,53.5186075500022,11.87125907168142,66,18.85076164440931
2026-01-02 01:36:00,16.34022723371381,37.952414271173616,14.551548278735915,917.4827244976277,18.77769663145918,2.752448173492883,51.5130943451274,12.355587947515072,66,18.715373041795296
2026-01-02 01:37:00,33.8391248887744,44.87238239317214,87.71275618985017,395.89025431516177,16.900953261220785,1.1876707629454852,19.878331885723476,13.448127681394892,78,16.737241082220613
2026-01-02 01:38:00,16.350342169346945,67.17959457020113,52.81892617563562,623.0205656196285,18.172851752508738,1.8690616968588858,33.998481014981934,13.404197742942848,60,18.19013308769808
2026-01-02 01:39:00,28.380718428347105,24.37953895536161,46.72609960075026,687.7537486825506,17.543734961755963,2.063261246047652,36.43026394410814,12.38049567831606,58,17.656641403939194
2026-01-02 01:40:00,34.81661916028514,34.73548577657401,10.671181910235427,923.462357304291,17.752019383314533,2.7703870719128734,49.19841606230511,12.854973092754545,78,17.75867948601673
2026-01-02 01:41:00,13.740692308316035,76.63165482041734,64.95560067569618,523.6725078958642,17.949337346062286,1.5710175236875925,28.54817815064767,13.157877527892307,62,18.17177575692317
2026-01-02 01:42:00,29.855927687011626,30.284534650863954,86.799959189509,384.3345298352183,17.24333567228333,1.1530035895056547,19.84278285792546,12.054775581644453,78,17.20964534588567
2026-01-02 01:43:00,18.979697429547734,43.985160256576506,82.8185869323453,421.96043114926937,17.716889774031536,1.265881293447808,22.370226775606177,11.886724497557918,54,17.671662336266678
2026-01-02 01:44:00,43.70244063331529,80.52612453006981,62.60547089808013,579.966019386734,16.91411241027325,1.7398980581602022,29.13728770475334,13.735820784388316,41,16.746548780888695
2026-01-02 01:45:00,26.924097635197366,30.844771780040986,7.527871665167362,943.6343349006855,17.8542814281231,2.8309030047020567,50.59865698578716,12.920381820382122,74,17.873680907379764
2026-01-02 01:46:00,38.20973924213054,25.791578493273292,11.239702717601297,897.1381067519989,17.462087276235533,2.691414320255997,46.88777142795015,13.757256160217427,59,17.421238742420886
2026-01-02 01:47:00,29.257928975469163,53.91765965560076,4.930898710982468,966.6185426890592,18.22906926465687,2.8998556280671774,53.11143021665074,12.276838770404128,67,18.315198074895463
2026-01-02 01:48:00,11.519438649918671,41.16936578949755,25.74792164924693,822.0336692564025,18.735197527261814,2.4661010077692076,46.29078803084784,13.116972909940504,54,18.77084023931432
2026-01-02 01:49:00,32.16029814579078,59.43858551386979,13.566146716037775,908.7537255657907,17.64841292991631,2.7262611766973723,48.5299883854784,12.011988364044846,55,17.80093147358253
2026-01-02 01:50:00,43.299116977233,76.26634233384326,26.004804025243388,836.3638021423849,17.499335547474473,2.509091406427155,43.95630693683573,12.100760393929999,72,17.518814509602798
2026-01-02 01:51:00,31.056413705121592,29.60039417069202,38.50580557189617,750.8378257985248,17.320738142429636,2.2525134773955746,39.08396740256963,12.677374878920135,51,17.351269057781494
2026-01-02 01:52:00,38.67161007993766,60.64893591879995,94.29827840711357,328.02783370257174,16.41649011207662,0.9840835011077151,16.125753310058208,12.235121688668563,78,16.38657013546773
2026-01-02 01:53:00,40.94722621719427,55.38561322729048,61.03760597816921,560.4138889918368,17.123442116850033,1.6812416669755104,28.89348607475273,11.885529596833344,78,17.185801804883297
2026-01-02 01:54:00,17.982792018212635,30.08551502092397,83.49737856829623,394.714375802817,17.76045868510089,1.184143127408451,21.021055809128093,12.10462561457545,59,17.75212415000338
2026-01-02 01:55:00,17.42156939678793,63.67989398702877,71.03515007123322,516.730262906977,17.872162311702347,1.550190788720931,27.75694165926098,11.582221307271489,68,17.90550031726311
2026-01-02 01:56:00,31.38433460978471,39.15482925025401,11.250313052663174,950.2242107981122,17.633128781858854,2.8506726323943363,50.360777265318006,13.12017432939822,42,17.666278720688805
2026-01-02 01:57:00,24.385996443234667,54.148402298080875,73.59204063739489,478.55407698005735,17.646106779183658,1.435662230940172,25.32231171039374,12.631868311297483,44,17.638070546587354
2026-01-02 01:58:00,39.39514560033521,25.75906269939433,27.509888155912442,802.602171614113,17.3970902455416,2.407806514842339,41.879070092064026,11.716759052730408,41,17.3930379513099
2026-01-02 01:59:00,41.50080931893039,52.170884004953614,63.91078469947063,581.9601582416851,16.705118303154197,1.7458804747250554,29.032247984184274,11.89489618419553,62,16.629000899249032
2026-01-02 02:00:00,22.369748275595136,41.45244276299742,34.09619736429885,771.4377755142083,18.048549828968486,2.3143133265426252,41.79791997211451,11.735829437659081,65,18.06061413238147
2026-01-02 02:01:00,18.29046956410687,77.5666847829748,99.76722632646592,310.3541298107598,17.49891601519188,0.9310623894322794,16.325159066497516,12.908963459034517,65,17.533904550104182
2026-01-02 02:02:00,37.31839303353516,23.988510889815778,26.355147949677782,791.695634232781,17.404738484447446,2.375086902698343,41.38070975877464,11.716683836308736,46,17.42281922895617
2026-01-02 02:03:00,19.618211244184764,49.3025092442831,27.913047077426967,818.1832318435996,18.001047825427932,2.454549695530799,44.35988431817936,13.234849365980997,49,18.07251423711203
2026-01-02 02:04:00,38.79150114797874,52.09019968920066,93.06722555623983,329.946694296126,16.819743365591215,0.989840082888378,16.684481609826904,11.5471751144369,44,16.855734474947884
2026-01-02 02:05:00,24.830838877706697,70.7504253409383,2.464440463632267,960.068513035875,18.63484145329532,2.880205539107625,53.08715811655354,12.073564312390552,51,18.431725581987997
2026-01-02 02:06:00,33.36424647520147,60.20013025631477,69.66889878731969,505.3822769534279,16.975958103853916,1.5161468308602837,25.87642058103732,13.548533354551388,71,17.067225979923503
2026-01-02 02:07:00,13.343735984213385,66.70486360359267,72.53263907358782,480.5556720159115,18.03249733309759,1.4416670160477345,26.037029586632197,13.152622031681167,70,18.060362966485524
2026-01-02 02:08:00,31.835076363680056,74.39344999562293,83.63785774103994,410.10300192501967,17.007367388321033,1.2303090057750592,20.97199034158206,11.667827165729081,61,17.046116254648002
2026-01-02 02:09:00,25.81186875580302,80.35420815607321,97.44393106384753,289.07284986256894,17.01263696517796,0.8672185495877067,14.775109534310822,13.388590040315915,56,17.037354126402402
2026-01-02 02:10:00,30.531296211141594,41.971284770572936,97.56019191566524,336.25498271969684,16.90600784898762,1.0087649481590906,17.08760239178607,12.63398077954247,59,16.93913177987546
2026-01-02 02:11:00,15.880497271070219,57.661589375473206,6.527675756646389,976.8599955938039,18.695135066424374,2.9305799867814115,54.70575513062414,13.447600962488307,59,18.667211056302275
2026-01-02 02:12:00,35.790581073046376,78.807565490744,82.18393227529025,385.765624590152,16.990675547235156,1.157296873770456,19.86117372390746,12.881701481235906,47,17.161693057374336
2026-01-02 02:13:00,40.197897714012996,89.26157916755395,64.63099336573814,567.1522025531641,17.18387422704838,1.7014566076594924,29.06114612327957,13.068215973675576,73,17.080157079795182
2026-01-02 02:14:00,17.585893003177148,82.26635177306342,64.73421343730912,530.6499333424036,18.21686947128629,1.5919498000272108,28.899637705796906,13.785053588910129,62,18.15361119132207
2026-01-02 02:15:00,13.35000944320566,46.00270838370638,12.83499266146948,927.2945621093694,18.723139334998333,2.7818836863281082,52.43134829182695,12.034371755625243,77,18.847426493604647
2026-01-02 02:16:00,10.827350511621773,33.66165620530553,65.01871664456533,543.5000536347145,17.873509425789496,1.6305001609041436,29.512733080536787,12.935074821951194,67,18.100417153084738
2026-01-02 02:17:00,32.46900251551431,54.25747761846121,98.24825806012478,312.83770486074656,16.78980099598579,0.9385131145822397,15.849147928263285,12.558739197132017,52,16.88750821059993
2026-01-02 02:18:00,31.248291263107326,71.91490162852295,91.1818569539447,358.02504833396273,17.19445405512554,1.0740751450018882,18.494199933961713,11.590739491722191,68,17.218720701268253
2026-01-02 02:19:00,29.13440944499245,54.47983495273083,43.91306608048505,716.8511215212743,17.67493247402791,2.150553364563823,37.455979958030476,11.53328247545659,47,17.41690328415883
2026-01-02 02:20:00,18.118148364059138,53.82266043195679,3.994797328609434,947.2446584492334,18.746595907342975,2.8417339753477,53.1184593345395,11.774225728981076,50,18.692270210845546
2026-01-02 02:21:00,23.68170985669301,78.67612947572604,36.229349000020484,758.5513637745568,18.28750443296159,2.2756540913236702,42.02737916102821,12.99291100323866,57,18.468263397879735
2026-01-02 02:22:00,30.806671731516058,45.298264534703044,82.63903116005552,443.55338517740233,17.318394269898153,1.330660155532207,23.136666922892275,12.804475102200803,64,17.387359820388248
2026-01-02 02:23:00,27.386840060070927,80.1856272368152,70.1499101465166,523.277430585192,17.74305872635934,1.5698322917555758,27.861980003232887,12.772887990676573,61,17.74837996998664
2026-01-02 02:24:00,44.572493207521056,48.47633606662065,45.93436555939564,724.9534193706988,16.977841574198237,2.1748602581120964,36.869260280209105,11.573270553814998,74,16.95247321876843
2026-01-02 02:25:00,14.77539133948566,42.976317397483754,5.510153515883109,950.8499901343242,18.799616921949156,2.852549970402973,54.00188537654988,12.579396891628017,68,18.9310918079802
2026-01-02 02:26:00,34.330059391665785,51.77929378397893,42.68947278233026,720.3197869755588,17.256907045211538,2.1609593609266766,37.32064565966945,13.626632481037817,60,17.270406068009244
2026-01-02 02:27:00,24.151156883650224,73.37128710724079,46.90249397178835,669.5607294906531,17.93419209876066,2.0086821884719592,36.16824312876195,12.414461299414487,46,18.005956012521715
2026-01-02 02:28:00,24.986986522396517,28.820141950479602,92.85555328941359,374.6792485011583,17.383171317183834,1.124037745503475,19.663407325696753,12.93732168051345,51,17.493547173444064
2026-01-02 02:29:00,35.11592179803617,33.749345111041215,64.10861035821594,551.085947578061,17.204774630942715,1.6532578427341829,28.40101073719568,13.29358295393323,75,17.17881506627282
2026-01-02 02:30:00,34.235265296352935,86.60113779641644,31.16529166546489,774.0854427044964,17.83995410052708,2.3222563281134887,41.249232186882175,13.303028142026342,63,17.762566383182797
2026-01-02 02:31:00,44.69395977957659,32.284413916695016,52.53182644507214,658.3986589619276,16.779247159590742,1.9751959768857827,32.976179350130884,12.694344189509124,71,16.69514303189458
2026-01-02 02:32:00,14.493800130894384,59.74091225517382,6.605530782216007,943.9300457441094,18.761232193890102,2.8317901372323284,52.96521812857345,13.473289474425375,66,18.703793558776713
2026-01-02 02:33:00,13.643837728445822,60.55201266633565,97.25682356497369,290.9477198671731,17.7735851483361,0.8728431596015194,15.55696477779989,12.400169614736619,71,17.823322101650128
2026-01-02 02:34:00,35.351858599505945,54.27371234351713,36.0059901930726,737.6211309850153,17.254371548430697,2.212863392955046,38.023447067008625,13.543994394005036,71,17.182916572284345
2026-01-02 02:35:00,30.243542095224317,65.1321674003773,47.78673549131358,677.8735104925755,17.630924993548128,2.0336205314777267,35.79176111075596,12.052522482709755,71,17.6000195497377
2026-01-02 02:36:00,19.595623329593206,36.08787080583329,35.52839742369226,779.141993065896,17.90853992882362,2.337425979197688,41.82857855543997,12.144497736078314,65,17.895145740528417
2026-01-02 02:37:00,12.779677914614531,58.68635874437238,68.25117301162001,524.4643764245902,18.345934263621622,1.5733931292737706,28.961610295981476,11.622177435657703,50,18.4071035757918
2026-01-02 02:38:00,12.998038735875069,46.0521278672828,66.2232158329593,562.8014305139654,18.203940069556232,1.6884042915418964,30.81950331498705,13.32983822404725,57,18.253627682290386
2026-01-02 02:39:00,41.296680613244135,66.31670817404324,71.53223105291356,472.1108842000533,16.596542408469574,1.4163326526001598,23.49576008535538,12.459227043335224,78,16.58915371485712
2026-01-02 02:40:00,16.715356365156,29.885648036120465,26.814322961192083,803.4344699752974,18.49649661094467,2.410303409925892,43.99408507828602,12.026968211996218,44,18.25250916424612
2026-01-02 02:41:00,21.318004674043227,59.961419178763336,31.566848116406597,773.2605608420719,18.127199049646244,2.3197816825262154,41.9812626321445,12.033117638518133,55,18.097074801637106
2026-01-02 02:42:00,17.93297407794458,32.96892487683266,12.525123109620795,910.0329496832042,18.594933812557034,2.7300988490496123,50.932867902470264,13.573219864827237,50,18.656052662782063
2026-01-02 02:43:00,22.424870704117808,39.505014418052546,65.55099718461126,542.824907472725,17.769302677253766,1.6284747224181753,29.072412761939407,13.418008181060385,74,17.85254162175071
2026-01-02 02:44:00,12.429834496113267,35.30968602265082,3.979712733565255,985.960230012887,18.71716436949235,2.957880690038661,55.50859775755923,12.773121036321522,50,18.76634103075797
2026-01-02 02:45:00,28.167092681789462,32.7986445908172,59.768233552345905,572.7262283701689,17.54925611869516,1.7181786851105065,29.7786598834062,12.917054840956158,62,17.33152677394025
2026-01-02 02:46:00,12.36643972572752,77.79976660924669,86.96958848516338,393.9934543429189,18.11412227189734,1.1819803630287566,21.45772817041619,12.590948812265669,73,18.154047936491935
2026-01-02 02:47:00,38.012477773782656,39.999529736262325,89.08321482896335,375.51503839077554,16.658866241435053,1.1265451151723267,18.664801331511942,12.40083304862126,56,16.568179187974025
2026-01-02 02:48:00,18.179922866865155,84.89866473051146,44.90377603699617,667.1557696632037,18.116126641420312,2.0014673089896116,36.3340760477022,13.605596826802163,49,18.15371946596745
2026-01-02 02:49:00,28.90041701115787,87.89485677416336,45.930368821307376,676.2140844692196,17.670169658778757,2.028642253407659,35.79346779504291,11.788909218096695,57,17.644051204650793
2026-01-02 02:50:00,40.80276806465104,59.988232895596816,7.696918300801736,943.2483812964456,17.566321122458334,2.829745143889337,49.4841681578448,12.462427616347325,47,17.48714659505746
2026-01-02 02:51:00,32.78070791665179,30.010078586600848,67.07650254430358,527.162870889814,17.31617271155751,1.581488612669442,27.475775742798298,12.292492388372114,65,17.373362996538503
2026-01-02 02:52:00,28.653522529296737,46.218377036570686,82.12594203728455,425.75359487063724,16.93925051305238,1.2772607846119117,21.717727078479708,12.645746656577641,42,17.003361678467655
2026-01-02 02:53:00,21.351681359038146,75.84125843437498,24.465505460471306,830.2549325889686,18.011453435324984,2.4907647977669054,44.449108749422095,12.552553311453902,63,17.84556646587945
2026-01-02 02:54:00,21.65506695703693,45.717351008794935,42.13008816333647,696.4434792744981,17.99688170430381,2.0893304378234943,37.39571874029366,12.693445922797487,42,17.89842241481423
2026-01-02 02:55:00,33.432043431936656,26.09120528119521,83.88393367652704,438.26675894373614,17.475170880254282,1.3148002768312084,22.872401892681268,11.821813647622086,77,17.39610364838521
2026-01-02 02:56:00,44.794877642740865,58.974943764973155,87.7120467662288,362.6260600523382,16.83735765727123,1.0878781801570145,18.23134793674067,12.680225453480539,41,16.75863002795894
2026-01-02 02:57:00,33.16437164472825,79.15845960472242,24.317998026422593,815.354611645644,18.02700631117634,2.446063834936932,43.98279309181015,12.057563271940586,74,17.98104876234523
2026-01-02 02:58:00,29.522419607950873,75.71484710004518,55.057063454136426,670.1998283055161,17.742360069826102,2.0105994849165487,35.267086116531615,11.92396210267284,56,17.540582488508594
2026-01-02 02:59:00,35.57276785837361,32.258619809124724,19.249315063582706,844.4949674551365,17.186071872054775,2.5334849023654096,43.52952951682817,11.64911870320824,48,17.18168104186706
2026-01-02 03:00:00,26.282196429930135,67.09352300887267,10.187876413955655,901.6097716081152,17.67742325230539,2.704829314824346,47.65827300607815,13.254100885139124,75,17.619697015585295
2026-01-02 03:01:00,12.104981991027483,35.4352984404953,91.11205013919576,376.9051839256541,17.74220975116782,1.1307155517769625,20.225449469797876,12.483116417970088,61,17.88730104402722
2026-01-02 03:02:00,29.680388555726843,35.274527418652056,82.05075042321091,384.10234996204616,17.02002330246773,1.1523070498861385,19.707353642163724,12.941280471617045,70,17.102519371126856
2026-01-02 03:03:00,43.516884957688305,81.18502413136295,76.00349018031739,463.27009053832955,16.70910406815077,1.3898102716149887,23.389375521431848,13.17346468960091,73,16.829185968134272
2026-01-02 03:04:00,16.135602982518087,37.476826691816115,4.876631881314042,1008.7800753323314,19.057357414132692,3.0263402259969947,57.288472356264556,13.062428330221174,63,18.92995105578108
2026-01-02 03:05:00,34.1501711787233,38.427314256260786,84.37287927102575,378.4911266597518,16.70045513164971,1.1354733799792553,19.25275637492097,12.58215165390627,48,16.955709146851785
2026-01-02 03:06:00,17.032679103066975,20.045737353290967,43.804407590538375,653.7298571514572,17.960760874110335,1.9611895714543714,35.30335754380231,12.392166616588979,41,18.00099187638561
2026-01-02 03:07:00,28.753968956557845,80.94683238878623,34.23951232958596,730.3397896537443,17.21628466473768,2.191019368961233,38.37714007713217,12.364707792173526,60,17.515655325003745
2026-01-02 03:08:00,13.383675737635187,75.48163692463943,54.647636102537646,635.4337386491762,18.3016635689581,1.9063012159475285,35.04695202796338,12.97211223293913,73,18.384792358506292
2026-01-02 03:09:00,25.76298276903648,63.91302545634746,9.135324272355582,958.5482644932272,18.289988559082772,2.8756447934796814,52.73668985184539,12.638027016366308,66,18.33908345405596
2026-01-02 03:10:00,36.46571651133361,72.51860347571895,75.66465493523988,460.0956395137507,17.133720995532467,1.380286918541252,23.45829901060608,13.453004170373575,76,16.995233886153063
2026-01-02 03:11:00,22.165003348364372,30.643399719714424,58.24350768882959,605.9596942582143,17.683432575969917,1.8178790827746427,32.074240028075955,13.511814563951438,46,17.64376978204777
2026-01-02 03:12:00,33.27191035705263,52.08265162113028,18.659009687316754,897.1920387390225,17.779011913681423,2.6915761162170675,48.07781021936571,11.892288869414992,61,17.86232606601432
2026-01-02 03:13:00,37.84074862764052,44.58535711441466,18.82321997690456,903.9843884502645,17.705717716686838,2.711953165350794,47.72799283818892,11.81333739855517,43,17.599121344713655
2026-01-02 03:14:00,42.451223681780846,26.564356837991156,18.424865157267423,866.0992382755312,17.014237617539195,2.598297714826594,44.20342137054928,12.949922129882799,53,17.01245439208622
2026-01-02 03:15:00,18.212472864940874,54.029133965044686,5.700238755193398,914.0688943602464,18.357372190104,2.742206683080739,50.329407094402754,12.192819220543242,73,18.353615504233275
2026-01-02 03:16:00,23.976057053325786,84.45177552398448,58.77984493716848,572.123506991627,17.726814451956262,1.716370520974881,30.632204748364842,11.542712653159727,62,17.84708160273346
2026-01-02 03:17:00,15.33456046656461,22.804138333548615,84.0348177588508,403.2201917893392,17.742199385936285,1.2096605753680176,21.581797173364006,13.543878139534797,64,17.8412007573266
2026-01-02 03:18:00,44.73692257554313,40.402263944565576,1.74982139873886,982.5724742772602,17.522332312971475,2.9477174228317806,51.8940996162524,12.021871764660759,40,17.604842042966027
2026-01-02 03:19:00,42.44503387735033,34.52786553439924,4.900464497127355,961.9395604999341,17.475529629410715,2.8858186814998024,50.4178019926533,13.637345498877362,54,17.470883502095298
2026-01-02 03:20:00,28.898499559819584,36.67026575659874,57.27702766869458,621.4386982777514,17.44769540448586,1.8643160948332542,32.513498998894406,13.150099237019983,71,17.43990683178779
2026-01-02 03:21:00,39.47116530317474,83.59041863155628,81.94956853860523,451.841588763515,16.906572264260756,1.355524766290545,22.70797183260083,13.254103026796415,53,16.75216299790835
2026-01-02 03:22:00,28.233529204521478,52.76483379640031,32.67388905686336,767.8493035234608,17.841279690380446,2.3035479105703827,41.009543249921926,11.963361440324269,60,17.802774173586663
2026-01-02 03:23:00,31.82549908009659,52.640958905787315,34.96143988077222,777.2396183556308,17.20814984151306,2.3317188550668924,40.75589564419911,12.03864717891867,46,17.47890641088027
2026-01-02 03:24:00,13.119355124060581,73.24029497186976,59.63464974967759,589.7106790848787,18.122344821575933,1.7691320372546362,32.01435597851843,12.698915833795352,75,18.096080622788765
2026-01-02 03:25:00,36.43446471738828,30.814454280344805,27.4212889124147,809.3410970703485,17.437564752881254,2.4280232912110455,42.69088071053764,11.895829661094684,60,17.58256638849801
2026-01-02 03:26:00,14.46997192723322,54.108574787003555,2.660836607768413,999.5050268878205,18.898216510917337,2.9985150806634615,56.95623504412187,12.202492893170975,79,18.99481360337849
2026-01-02 03:27:00,38.9123670588385,50.09896498847418,73.52285181015961,486.7850782936411,16.874098611236498,1.4603552348809232,24.760783834780735,12.23936369927995,51,16.95531555840913
2026-01-02 03:28:00,37.3709830684635,61.78374833826593,62.56499129414531,603.201284482938,17.322982559814765,1.8096038534488144,31.467773952104217,11.867148846481358,54,17.389316392165995
2026-01-02 03:29:00,34.80606442100418,89.9690392275307,58.07559990556591,564.7025773251474,16.910881058531164,1.6941077319754423,28.88181947754238,11.97192051680887,54,17.048395997735195
2026-01-02 03:30:00,11.265613318366674,73.8614225857433,74.16841289918231,470.51769172388344,18.547698225226945,1.4115530751716503,26.15233790240334,13.31366923661899,56,18.527350024881716
2026-01-02 03:31:00,20.6094924580865,47.8505992112199,67.52308375620375,524.8080357674947,17.48547297852699,1.5744241073024843,27.75167029780753,11.884550465458718,73,17.626553207036086
2026-01-02 03:32:00,19.2089399468795,77.92871365918329,20.588198817832115,864.6716620843349,18.219690143833812,2.5940149862530046,47.16962916615935,11.565452001241022,74,18.184023383108826
2026-01-02 03:33:00,22.604774261503167,31.949585431873615,35.24810469433511,778.6224768817159,17.959400333523728,2.335867430645148,41.42825152477534,12.947516368046559,78,17.735703225817566
2026-01-02 03:34:00,13.067496136734349,22.13245804162721,12.6110141678625,911.2349294802393,18.54138261872487,2.733704788440718,51.05007397161619,13.744761174602635,77,18.67431852461828
2026-01-02 03:35:00,42.7935238060872,34.31138607249911,12.985701341788102,880.6554976173592,17.102111558321866,2.6419664928520774,45.25837236319813,12.26179177363318,53,17.130562588755787
2026-01-02 03:36:00,29.38307842493317,43.828808927998175,67.61957463565392,543.5132554795227,17.24895768177231,1.6305397664385683,28.53657118759465,11.772908117351381,44,17.501303418023557
2026-01-02 03:37:00,20.693350873030823,55.74065302216919,85.86001069824982,414.0791004350906,17.655135766028174,1.2422373013052719,21.969251512789693,12.811890848345321,69,17.685229295325186
2026-01-02 03:38:00,23.894353097599918,63.05903983788399,96.27325838611391,287.2500181096146,17.11183441334375,0.8617500543288438,14.690738081245328,13.584614685519988,43,17.0475626980806
2026-01-02 03:39:00,25.652088917669246,83.74240020500952,62.834711754944436,560.080935041973,17.60103563213006,1.680242805125919,29.452928595293514,13.303342093605501,54,17.528971708994334
2026-01-02 03:40:00,31.020801667621605,55.68978066853204,18.410132336095696,839.3262370337243,17.69139324098038,2.517978711101173,44.527071527921095,12.931786497349247,78,17.683656867951967
2026-01-02 03:41:00,28.04877996937742,55.08929512380106,10.56503454489307,912.7517362357073,17.750418498968212,2.738255208707122,48.36167289105506,12.22462994219748,74,17.661492156492315
2026-01-02 03:42:00,42.178719062504605,23.51701068760875,81.28509715367578,412.9481413850136,16.6189023671439,1.238844424155041,20.27281798656849,12.746324398535306,49,16.36429691354962
2026-01-02 03:43:00,27.39372190170406,22.443808685935668,57.875647635999925,611.0557605128403,17.613965288305003,1.833167281538521,31.975450771772383,11.709863134999788,41,17.44273481956124
2026-01-02 03:44:00,44.725530518815944,58.58119733414605,61.82850210137198,569.5370887738399,16.902502018243187,1.7086112663215198,28.969083892080345,13.061574475845541,63,16.95475411118415
2026-01-02 03:45:00,39.799873521078354,50.672502927384116,78.14620887547092,427.26471785658305,16.594083145275754,1.281794153569749,21.456200420072257,13.167720843464597,67,16.73919354392243
2026-01-02 03:46:00,17.297868002506753,78.7426276486209,70.32772277324516,525.3072598464307,18.064886098776427,1.575921779539292,28.532853734275303,13.719572732692814,61,18.105501240433806
2026-01-02 03:47:00,42.570832512537066,31.247570929829163,83.44582528560966,387.20310652216415,16.107837658164815,1.1616093195664925,18.821016742389354,12.098913925113665,71,16.20253593472655
2026-01-02 03:48:00,14.072823925991663,21.74801634819347,5.621390545987848,967.252541987504,19.081215268070935,2.901757625962512,55.23809179785958,11.542449763798952,70,19.03608051328447
2026-01-02 03:49:00,38.610739797191705,51.43271375510881,74.75206367465049,460.45534089161544,16.952247080139706,1.3813660226748463,23.58042418665096,12.754899468182447,58,17.070366434082658
2026-01-02 03:50:00,23.3218152716803,36.62349897265803,85.08527573220954,397.08952822392285,17.07259229206391,1.1912685846717685,20.346717964065544,13.125618160112674,60,17.079874535322944
2026-01-02 03:51:00,40.72910121557743,23.47300613371862,28.613504245831432,809.7908852399477,17.17096932775151,2.429372655719843,41.51109851412372,13.317937194530874,42,17.08716792229788
2026-01-02 03:52:00,40.38198415376076,70.72188007933403,64.04472739932528,562.1158961859137,16.96315816391222,1.686347688557741,28.622763385589998,11.945599545957064,45,16.973227751193935
2026-01-02 03:53:00,38.20738900411674,27.811509997007324,31.416206383697208,806.8259367852388,17.384115763404875,2.4204778103557167,42.30691961893593,12.102031598785155,71,17.478747145679655
2026-01-02 03:54:00,37.65106527074715,62.582365000544016,95.7971066482454,327.77517946885314,16.640891965327047,0.9833255384065595,16.247891584800303,12.678959128114782,41,16.52341055956848
2026-01-02 03:55:00,20.663769868431427,39.67348251168224,3.3423572435503757,982.7325165544141,18.241912294323935,2.9481975496632424,54.33472182901632,12.260381862931004,63,18.429810388799318
2026-01-02 03:56:00,12.832174906793826,32.14472352485154,57.97928438329551,585.390262868845,18.134220931166798,1.756170788606535,31.904355483630496,13.479176419151123,66,18.167000436754545
2026-01-02 03:57:00,24.104306256780653,46.58260660435222,16.65035470495151,887.0873147177954,18.19333326628875,2.6612619441533862,48.428312282355805,12.589648353599056,48,18.197499268626885
2026-01-02 03:58:00,16.073358024527803,76.10120433560675,71.22202051771586,510.2355773361593,18.252712036910193,1.530706732008478,27.93711404325966,13.339030881434608,52,18.25112117107023
2026-01-02 03:59:00,34.32328811158616,47.44655038332009,17.589028341866207,874.9106046578491,17.510042675587034,2.624731813973548,45.9117907005793,12.835425449109414,53,17.491993069979227
2026-01-02 04:00:00,22.113490428822494,72.5538754447739,23.538326189835757,799.1567069892998,18.404268620577454,2.397470120967899,43.97733299323731,13.278107325719358,50,18.343224638596507
2026-01-02 04:01:00,44.14635703009702,28.784040775940547,49.43708110457581,660.5698501945873,16.67366176541312,1.9817095505837616,33.04937148973427,12.265147869019746,53,16.677202509317652
2026-01-02 04:02:00,32.43402270708662,74.09399937655553,91.4834949996878,366.90676454929456,16.772327740755863,1.1007202936478837,18.502154438003412,13.412258230439717,55,16.809133568970232
2026-01-02 04:03:00,38.786819727202634,36.5853327434654,21.171437214797084,838.1964699694614,17.490913707796732,2.514589409908384,44.08495836421433,12.13151632576735,49,17.531672642262702
2026-01-02 04:04:00,14.638363545964694,67.4175190922211,14.424002111810353,873.3442444958772,18.751333884843273,2.6200327334876317,49.289327716683715,12.756027258407569,59,18.812485465047107
2026-01-02 04:05:00,40.17050687954179,59.60470883886975,75.89768318540307,498.2338007122579,17.037861676876513,1.4947014021367737,25.348801526728245,11.992216360299912,55,16.959107344443826
2026-01-02 04:06:00,42.296501667968805,85.04013020481811,50.0619532333931,659.3952375841365,16.596455443386482,1.9781857127524094,32.958766380537895,12.593710999740246,73,16.661108291334134
2026-01-02 04:07:00,27.047167158662756,47.112576258271986,91.17851123817714,357.16880071432587,17.22488175842476,1.0715064021429777,18.36583901386272,12.231802981870018,55,17.140204647523937
2026-01-02 04:08:00,31.21885282128421,24.631563218410832,14.661455715984228,874.6291523251606,17.967498714050183,2.6238874569754818,47.139709363655804,12.113417890465593,53,17.965598805824197
2026-01-02 04:09:00,36.76834303160484,21.340883988587702,64.59278930230393,531.4141783154457,16.964887003320094,1.594242534946337,27.12924511971472,13.724065541464487,67,17.017012484005708
2026-01-02 04:10:00,16.11935195411444,77.88009926809272,23.287914615181503,863.0364056294541,18.38568916307338,2.589109216888362,47.44244488875042,11.86817044261948,57,18.323848441498967
2026-01-02 04:11:00,27.589812676220486,56.731494636300255,15.67604286516393,893.0209387612134,18.028958969683572,2.6790628162836403,48.49560306801121,13.310849426152009,65,18.101704362155886
2026-01-02 04:12:00,23.953205972030958,74.26708362844644,68.34294151572705,510.58766804989665,17.539078155747827,1.53176300414969,26.76795637552187,13.763579406811395,77,17.475259751675004
2026-01-02 04:13:00,15.12308972567872,36.40979200080603,59.36846199087332,594.6145506883798,18.565944921546254,1.7838436520651397,33.080795978799664,11.545773412602179,46,18.544672309427074
2026-01-02 04:14:00,22.863704780203598,44.15586218592636,75.48274583623312,455.3328153974417,17.83914980766044,1.3659984461923251,24.449708778528848,13.10776305229682,73,17.898782276569634
2026-01-02 04:15:00,12.386030828492274,22.107271054792324,30.946257644618235,813.3930570932799,18.824471011019877,2.4401791712798397,45.806085704892574,12.08169715277946,46,18.77160752948642
2026-01-02 04:16:00,10.903416743232045,87.30446272018786,44.79716563821899,713.4758512304016,18.901903253206818,2.140427553691205,40.341160969426454,11.5931219959551,72,18.847244280637955
2026-01-02 04:17:00,14.730820120418796,66.75075346905695,40.547167633041845,706.8383451446516,18.50242674230171,2.1205150354339546,38.9892203262731,12.426646031600251,74,18.386674781720714
2026-01-02 04:18:00,43.70902890562108,85.32435614315143,98.40894639665142,298.56397028282294,16.562096710259116,0.8956919108484689,14.747999043698584,13.651000963393013,78,16.465482009018185
2026-01-02 04:19:00,29.233533756325592,38.58474852003506,29.22489567393879,743.0630663085828,18.047589372779637,2.2291891989257486,40.12197702237591,11.527059717044095,60,17.99846197070701
2026-01-02 04:20:00,43.8037756403627,62.80245278579626,29.481723834676686,763.9963177262358,16.942146335809205,2.2919889531787074,39.08965484519929,12.852137091438498,67,17.05490543093008
2026-01-02 04:21:00,25.13742574155462,67.49499778048465,35.45482088286074,725.0268583208198,18.074490264918047,2.1750805749624593,38.780885278163,12.653211900769247,71,17.82963156610064
2026-01-02 04:22:00,20.913564657984086,42.228479018031194,56.45940812903215,607.4879499165227,17.434267679232978,1.822463849749568,32.02912657261948,13.50878357805341,55,17.57462930034016
2026-01-02 04:23:00,27.714965199408542,79.3676464510941,25.232274426374524,816.8494049265512,17.967825459703334,2.4505482147796536,43.79840108603905,11.693203943397439,49,17.872899142275102
2026-01-02 04:24:00,25.382909102151856,86.30130240301735,91.52899403792739,332.3903319862035,17.487253061472803,0.9971709959586105,17.394775180566562,13.067509868739297,62,17.444124679784174
2026-01-02 04:25:00,13.698263949161037,81.9398582387203,26.56855648662635,808.3968237443244,18.649394486423848,2.425190471232973,45.513085692101065,13.064252306396538,54,18.76680872367196
2026-01-02 04:26:00,32.42892101415722,71.73468831575607,89.58157315601947,383.0357308608107,17.091550464839187,1.149107192582432,19.654307081823326,13.038884038783252,45,17.103980558727038
2026-01-02 04:27:00,17.561336387835986,39.42252758074678,10.347506364658464,938.1242424457025,18.462984436659845,2.8143727273371075,51.98388386130954,13.667369338350586,72,18.47085972528431
2026-01-02 04:28:00,31.685578421424037,39.713122947394226,65.65627023996524,502.4127027030657,16.95453409077493,1.5072381081091972,25.357737484596665,13.393101316715825,78,16.82397581919388
2026-01-02 04:29:00,32.75703823393537,87.43522243122266,90.69855184382438,362.54486748355276,16.78559127989959,1.0876346024506582,18.334172060357826,11.596537270360065,51,16.856922369927613
2026-01-02 04:30:00,15.320869859502684,20.71991471549844,16.874943839822954,854.208577581807,18.47820589854435,2.562625732745421,47.419852631980696,12.583490556620381,75,18.504400399186785
2026-01-02 04:31:00,12.147236948873385,70.12349812695011,96.8326960099255,340.205701873327,17.65675395142619,1.0206171056199809,18.259208372429118,12.415292029263068,70,17.890360911928315
2026-01-02 04:32:00,37.32665551239539,69.43723137886835,45.28833604155117,698.6645760362118,17.528851639142488,2.0959937281086356,36.37675790317511,12.213338608508845,49,17.35537535983013
2026-01-02 04:33:00,26.093014831926205,63.58826786648582,94.57151084410245,320.0388795647937,17.51549603565184,0.9601166386943811,16.919696615946552,12.538074467854424,73,17.622542859953846
2026-01-02 04:34:00,12.035732842691653,89.3076192260806,67.6820043630047,510.90506541095914,18.271967882773993,1.5327151962328776,27.955616714063478,12.383646625329748,49,18.239276796350076
2026-01-02 04:35:00,44.82032110094185,41.831560503460764,30.158686987355154,779.6638500785477,16.92499257926725,2.3389915502356433,39.61113383639179,12.49436796972093,50,16.935133362239437
2026-01-02 04:36:00,12.022319634872833,43.798030465527376,18.83025249171064,823.1323646633988,18.621938105972305,2.4693970939901964,46.00916017361161,13.752302290899879,53,18.631738202650638
2026-01-02 04:37:00,34.326233010049364,25.52575820625889,30.37350462250994,794.1048311112419,17.630708748033026,2.3823144933337255,41.80895838376899,11.703855841924035,42,17.549722549545937
2026-01-02 04:38:00,44.428762384219475,50.99586955806162,9.301740926267499,929.4309225893247,17.2241757586337,2.788292767767974,47.56004779545212,13.621131000629079,72,17.057049512603335
2026-01-02 04:39:00,18.371303647557397,38.27339683643937,14.386796634332978,918.6959252110264,18.55866778418208,2.756087775633079,51.08000354908205,12.604544440983362,46,18.53351841718788
2026-01-02 04:40:00,14.978727904051865,44.037069152435095,10.466044034648114,904.7695073982121,18.813888134924134,2.7143085221946364,50.88888851564545,12.934607164648945,43,18.748380333161084
2026-01-02 04:41:00,14.248472879785012,78.42002531789393,42.29435437415577,691.557060415911,18.44973831302222,2.074671181247733,38.20890620028898,13.409420823220696,78,18.416849159349514
2026-01-02 04:42:00,20.614630164865844,85.4839159469247,79.55783762575864,412.96463145890726,17.831976968139088,1.2388938943767218,21.965866043649434,12.329064967043289,49,17.730223825746027
2026-01-02 04:43:00,13.536603385372635,33.001315040363,14.138355421634019,880.9457007786768,18.735046265820458,2.6428371023360304,49.63601664359096,12.489970388602323,54,18.781337903769092
2026-01-02 04:44:00,34.22564695929462,46.07562520874261,13.032043317233589,885.1360568580005,17.419581456314624,2.6554081705740016,45.97053884060168,12.441892504641043,55,17.312042400872983
2026-01-02 04:45:00,12.180212934552195,85.00413934807759,64.34289495173307,569.5192089147974,18.533692184888405,1.7085576267443923,31.47614583272898,12.361881351832247,77,18.42264219832367
2026-01-02 04:46:00,27.82977448524264,24.326592248245582,19.71829819680663,848.0066756473258,17.90457202094466,2.5440200269419773,45.274190212108685,13.62871743978786,43,17.796318320076367
2026-01-02 04:47:00,44.88438988485419,26.465236967796496,9.76100381089916,934.1564870185982,16.92183261695075,2.8024694610557948,47.607923557901486,13.406538749743929,43,16.987847403684395
2026-01-02 04:48:00,38.48895943271066,31.395369244436054,16.684857820557763,875.5907271788595,17.20121399013804,2.6267721815365785,45.22788885942441,11.750699976684846,75,17.21804775356176
2026-01-02 04:49:00,31.53268033808538,61.664898388881234,92.37313958767761,327.9987175660005,17.07601908041728,0.9839961526980016,16.779173618962457,11.748683710697321,66,17.052072381539237
2026-01-02 04:50:00,20.71887672753141,30.533058970419823,82.14712527761908,421.6041145932336,17.46486314558541,1.2648123437797008,22.263160282926794,12.48409988416188,61,17.60194735006831
2026-01-02 04:51:00,31.836354270207348,87.76534670155135,35.40645623550941,764.1368729887062,17.427485859984213,2.2924106189661186,39.58533244516768,11.726911966485462,61,17.26799383917561
2026-01-02 04:52:00,28.44645123690781,51.27001690809642,65.58207673273928,516.770275019958,17.497212760372786,1.5503108250598738,27.12802159505995,12.923914119123575,56,17.498440413723003
2026-01-02 04:53:00,24.912918436163004,55.106257224511644,53.72756736680381,640.0892842470009,17.504959167163054,1.9202678527410029,33.559688592740734,11.830490696701988,73,17.476566378402584
2026-01-02 04:54:00,14.574863185906981,37.26610310637845,67.7124263482564,509.0185971326512,18.055048564134548,1.5270557913979537,27.659178270967747,12.701458507123643,71,18.11274900810727
2026-01-02 04:55:00,41.03114753341633,52.967217670431346,68.26711524627594,512.4705147546117,16.68216042465901,1.537411544263835,25.85134170789159,11.516605878108551,45,16.81484818059571
2026-01-02 04:56:00,25.742462708746288,66.33395428459082,62.8734015059993,570.499851918206,17.735339070231525,1.7114995557546178,30.457404627924028,12.228171601349088,72,17.795742058779002
2026-01-02 04:57:00,16.81178791372678,72.582399586783,26.610136853730857,800.4603188794941,18.78835845868963,2.4013809566384823,45.06536693301495,13.057538664447108,47,18.76643803992627
2026-01-02 04:58:00,22.871577280705136,72.77076578969391,3.900642076281813,973.4470026527446,18.160999256039123,2.9203410079582337,52.8396466951275,12.613289562524052,75,18.093656374763754
2026-01-02 04:59:00,24.494541338512448,60.452377888586184,45.55667819901088,674.8094360311619,17.84317146996878,2.0244283080934857,36.089467892490234,13.750019817797673,44,17.82699231590851
2026-01-02 05:00:00,38.9638263448406,83.30518424957,89.09738846907038,378.9056408505838,16.649572486649195,1.1367169225517513,18.886438093154446,13.510438730952286,44,16.614900085025
2026-01-02 05:01:00,35.67650331964907,77.21854931142767,56.94972585185759,553.7371369265269,17.14982783913139,1.6612114107795808,28.545476905205824,12.325862791799247,49,17.18353047659953
2026-01-02 05:02:00,36.925671277446895,72.99336802890377,83.23910417019079,380.7326345045029,16.867573998695676,1.1421979035135088,19.20942625147046,11.604619045386231,79,16.817949142071132
2026-01-02 05:03:00,10.386094255002652,23.892386517632243,99.16243429612281,318.1823000480772,18.08574277541325,0.9545469001442315,17.122146351472583,13.444940490264544,46,17.93745948877466
2026-01-02 05:04:00,24.565389936291652,20.48145735537545,16.361620413827627,906.2122852161876,18.163347437531424,2.718636855648563,49.187939110254156,13.595838913723744,51,18.092868493287526
2026-01-02 05:05:00,26.84704530723633,34.87130940368311,69.17776391419824,497.545918529982,17.311630630221643,1.492637755589946,25.7191582107824,13.387443004863785,69,17.230676441396348
2026-01-02 05:06:00,10.671729688806984,66.44665157394166,67.42935737000246,523.11393136656,18.528058369021455,1.56934179409968,29.030715139665467,11.79428486411546,64,18.498656729090794
2026-01-02 05:07:00,19.093462306076198,48.783824221778204,97.99554473582785,319.9255719072512,17.516740571917016,0.9597767157217536,16.956429059856585,13.795204809148263,67,17.667056078876975
2026-01-02 05:08:00,36.610143809274724,48.16843815095182,98.56007339528003,323.943838266214,16.784495553431487,0.971831514798642,16.413225724514675,12.09474370957138,52,16.88896220649461
2026-01-02 05:09:00,14.798839700514968,81.92108217607296,68.66786117241294,478.77142635969244,18.011623507285073,1.4363142790790773,25.805017572139818,13.165671299459252,61,17.966135927218687
2026-01-02 05:10:00,28.735854600840707,82.68939936922871,24.361479198219428,811.7488406728966,17.698369532032412,2.43524652201869,43.10255677710747,13.58848021557216,57,17.69946343722842
2026-01-02 05:11:00,17.53206552060331,83.642268483751,79.85558381305991,434.3593257115832,17.653256987858647,1.3030779771347496,22.946255447702516,12.042080362960633,66,17.609272699211363
2026-01-02 05:12:00,10.424227112536265,41.97146535605191,10.70291342110381,939.1424099969944,19.176928117901216,2.817427229990983,53.557279368311775,13.588994675757252,47,19.00928577611681
2026-01-02 05:13:00,18.44205101598395,68.37390689174832,78.06993041716287,503.47909675428986,17.74776104934952,1.5104372902628693,26.697216922881466,12.211807632148194,45,17.67515744942659
2026-01-02 05:14:00,44.155581421851885,39.014322689205876,91.01961241446965,358.3025985625182,16.875296061118775,1.0749077956875546,18.004068630988403,13.74575041148333,50,16.74940744054449
2026-01-02 05:15:00,38.053798915904636,33.34268831521148,38.28333947684352,703.8770744200156,16.95106528856318,2.111631223260047,35.77440551302278,12.146898046875092,68,16.941597149616104
2026-01-02 05:16:00,43.585182551236166,32.92427201431585,63.06352949830804,566.6006550558697,16.694652311116055,1.6998019651676088,28.514813485715248,13.692902396943023,44,16.7753738788645
2026-01-02 05:17:00,27.074891537422687,43.94753346045158,43.01427320968263,725.3200033230358,18.09181975363474,2.175960009969107,39.379667736316435,11.623152697053152,46,18.097606369556175
2026-01-02 05:18:00,13.840766953712622,50.09703338458752,43.776505498812845,695.7247439279,18.44089153868707,2.0871742317837003,38.6573193555233,13.131325626840571,61,18.52136672005898
2026-01-02 05:19:00,29.178582114079255,78.16644197385479,31.037088910812006,764.6074067212301,17.928946242553486,2.2938222201636904,40.76837011554812,12.723855607825108,43,17.77311674687624
2026-01-02 05:20:00,25.90320670959863,28.392376543089846,76.21296204503246,485.66914451437316,17.368685759552797,1.4570074335431196,25.191143695151116,12.59911727738228,71,17.28964665189925
2026-01-02 05:21:00,39.55249789588656,71.4448093176426,93.61765641665052,357.9473174534151,16.38499349333508,1.0738419523602454,17.538998586732138,12.014036922788431,58,16.332942243672253
2026-01-02 05:22:00,13.432890327448561,57.20184399325137,94.07508592344611,320.9527816519648,18.137388998111845,0.9628583449558945,17.344732529927537,13.122870316485931,72,18.013794677889035
2026-01-02 05:23:00,27.088439795762238,40.15617398731948,17.478128487493382,885.2816129382331,18.122724236321904,2.6558448388146996,48.6676392685602,11.938861830326507,40,18.324729877774228
2026-01-02 05:24:00,15.25170326428945,54.49737091729772,87.4743649656566,407.62475659358125,17.86989576871453,1.2228742697807438,21.780713862446934,12.771536130764968,47,17.811081973580265
2026-01-02 05:25:00,21.3636574411521,40.995944884391584,73.74314414271221,507.43579185219244,17.38409393576698,1.5223073755565775,26.663454990205313,12.082464334992578,71,17.515158514197417
2026-01-02 05:26:00,35.80749770857299,61.725736866681416,25.283740069028926,821.6848400106085,16.999792918630895,2.4650545200318255,41.907204942905985,13.69792917349712,69,17.00051848847746
2026-01-02 05:27:00,26.66063452790683,50.36907459986709,6.728461292151455,945.7391820313535,17.90825331867246,2.8372175460940605,50.898048760694564,11.565851745822002,67,17.93942407791918
2026-01-02 05:28:00,23.156089980101925,31.508387035521512,26.799726688437797,836.9473896225606,18.191058878138634,2.510842168867682,45.50872610855164,11.959375044255845,71,18.124885216928938
2026-01-02 05:29:00,23.806669749951237,28.16081521889877,91.22082367815256,337.2510241933145,17.708186425855853,1.0117530725799435,17.893225107105113,12.05731439469113,64,17.68536769695976
2026-01-02 05:30:00,26.080636894209533,58.26869774504911,63.31786748957723,565.5465133913794,17.863426381184368,1.696639540174138,30.07957762301551,12.452355999265977,73,17.72891466382319
2026-01-02 05:31:00,37.47557903429699,83.16891233002724,72.10546608978719,467.86120482420114,16.87884022036954,1.4035836144726033,23.77534486388009,12.035279556301123,72,16.939029936462802
2026-01-02 05:32:00,41.2229641129082,44.07703805903799,25.715235110909585,841.3008796688249,17.24169062056093,2.523902639006475,43.33737489023163,12.630102907618207,52,17.170779181597602
2026-01-02 05:33:00,43.43671402763749,71.31000750558363,71.93881555748203,491.26738078540257,16.514654548034922,1.4738021423562078,24.315424760706016,13.50667070349464,64,16.498432226345038
2026-01-02 05:34:00,37.54161851893533,66.10629484578368,2.812150627792376,1005.6866103184028,17.799049482025275,3.0170598309552084,54.19417407998104,13.137745869241094,79,17.96257850903243
2026-01-02 05:35:00,21.039241351180443,85.20884400166366,37.53213457730138,747.103313086001,18.066978964369355,2.241309939258003,40.69958994509167,12.833912555230755,78,18.15884061022166
2026-01-02 05:36:00,34.08471471302897,77.46867121093986,62.67533485423312,536.8082514191295,16.715468699740825,1.6104247542573886,26.94314130260754,11.704707309360163,49,16.73045650309304
2026-01-02 05:37:00,25.316109341938716,59.66236812338241,14.609656554132023,926.2249587626208,18.150053286456718,2.7786748762878624,50.12402716180335,13.096181849295334,70,18.038824041467546
2026-01-02 05:38:00,18.91347177161179,65.99213487638751,82.30035744469347,454.92240321570034,17.661439115644345,1.364767209647101,24.040465577878976,11.882752853915163,50,17.615066809888635
2026-01-02 05:39:00,39.430505279907294,82.88705266088243,23.503129881191864,853.1238206836414,17.132157582806535,2.5593714620509243,44.146362029850515,13.308644987711906,64,17.248907665194608
2026-01-02 05:40:00,11.344922213681375,47.966314921085434,65.22811128184462,528.1714637263633,18.37356159415778,1.5845143911790898,29.13540607142409,12.075130544573353,73,18.387593216962497
2026-01-02 05:41:00,41.56166972473982,42.87562941004441,40.51971425753297,710.241721110121,17.217570763948643,2.1307251633303634,36.2559721806492,12.459212075138073,59,17.01579011906934
2026-01-02 05:42:00,26.151711261865696,20.756775854463744,59.604359547764716,585.6780275137622,17.616680730260715,1.7570340825412867,30.93356614530747,12.306081465331234,46,17.60555839677663
2026-01-02 05:43:00,32.302051688289815,77.85857519340249,10.745055262890812,910.7104051731357,18.030925098103022,2.7321312155194066,49.3522829473489,13.47527200375217,72,18.06365765561026
2026-01-02 05:44:00,33.07738727720239,76.06864902823554,1.6912799921607324,1022.0079715041389,17.83902433951437,3.0660239145124173,54.54410668669291,11.791052255040839,74,17.78985037543875
2026-01-02 05:45:00,41.32912092472877,27.3118162670106,90.95644273803012,366.19143026830994,16.982010312301693,1.0985742908049299,18.572135534178123,12.800983229485015,68,16.905671004343496
2026-01-02 05:46:00,32.283438875852255,60.380016679289014,26.96300087671828,757.1920329208249,17.3917377525664,2.2715760987624747,39.6102779061896,11.826741701719044,51,17.437354587314406
2026-01-02 05:47:00,31.487675466602163,52.47871887168212,81.96770027804591,433.0132143088031,17.193233164892753,1.2990396429264093,22.269405015728452,13.12103042310403,44,17.14297568745561
2026-01-02 05:48:00,12.33282141962415,28.309636685637802,99.93503004722002,293.4916417331137,17.784466722870828,0.8804749251993411,15.687734903027874,13.581679693927308,51,17.81735567253791
2026-01-02 05:49:00,28.144280768082144,88.63977589425065,21.143125799891116,850.4995882783932,18.015151930896618,2.5514987648351792,45.78210155124285,12.499597603894683,68,17.943219170713675
2026-01-02 05:50:00,15.255915028596458,35.02871212243488,26.51707411833556,807.0080938559371,18.603604104165836,2.4210242815678114,44.998694135273645,12.622612198609445,74,18.58663478836871
2026-01-02 05:51:00,35.810181905251994,24.70639260633928,66.28597876346657,552.1390769878677,17.22266335094227,1.6564172309636032,28.448082356236075,13.633072523910354,59,17.17446656823698
2026-01-02 05:52:00,27.927767228443606,61.63931656513367,96.54486346006212,346.57971135063286,16.946939384862905,1.0397391340518987,17.699331365135237,12.698280193893522,76,17.022857739479655
2026-01-02 05:53:00,33.80797227229237,71.72066739931228,91.58143481907439,364.59101951165235,16.59977634175606,1.093773058534957,18.246218232342795,12.62147640751399,40,16.681904980163345
2026-01-02 05:54:00,11.45855152108345,22.271041223303087,50.28755200655849,641.2009122113274,19.0340578809099,1.923602736633982,36.43208970869561,12.8301569362199,55,18.93950815044396
2026-01-02 05:55:00,12.967720561603112,66.11023471089155,79.51102825267246,442.5960581351094,17.960771553063847,1.3277881744053281,23.858642228983218,13.08522839363479,69,17.968711191202395
2026-01-02 05:56:00,35.07131858219388,57.26043131660181,13.574585309990105,905.3698951616218,17.822834875577076,2.7161096854848656,48.33135586598077,11.745831762700172,48,17.79433140136714
2026-01-02 05:57:00,12.522951759953568,27.22855062125339,97.74381842040123,299.7446702598947,17.52130161257887,0.8992340107796841,15.7833024420382,13.388554213805488,49,17.551941155287523
2026-01-02 05:58:00,12.49398547178405,32.076671386245344,96.43532340359864,336.5313091462342,17.96404782355058,1.0095939274387025,18.045658685528032,12.501661563142497,52,17.874175146149216
2026-01-02 05:59:00,10.42379663322106,59.75820081212564,16.372895787917095,894.5905759617897,18.784475157482174,2.683771727885369,50.57636567484874,11.666401572764217,59,18.84525615548514
2026-01-02 06:00:00,43.4775489404818,40.74503294593019,29.94231248031066,821.2126374333589,17.188944399121425,2.4636379123000767,42.38074232965108,13.30822013915589,68,17.202504523111514
2026-01-02 06:01:00,35.81279258106524,85.68210100559213,10.015499750676693,954.9984973510327,17.225966570045212,2.8649954920530982,49.12712998291884,12.366984934878426,43,17.1473672887749
2026-01-02 06:02:00,22.363799297572246,77.31181606388355,27.17175988981797,796.0841824194715,18.276461201282682,2.3882525472584146,43.36867070929486,11.730845238718624,67,18.159164431366257
2026-01-02 06:03:00,20.378745345067934,88.84970445595641,81.59557894152066,445.2369148995348,17.416593884919656,1.3357107446986043,23.3334906794052,12.957691790949477,76,17.468969814022326
2026-01-02 06:04:00,22.239613041104732,38.17695872652898,37.83156071652595,716.160007322429,18.27309689936298,2.148480021967287,38.83834943929358,13.524302112897377,52,18.07712850116739
2026-01-02 06:05:00,37.11287359134137,87.88065429585839,8.839696714675839,952.0407650160861,17.44647579795879,2.856122295048258,49.73980283806024,13.541833071652169,42,17.415151628589427
2026-01-02 06:06:00,33.14797138746451,50.18637088540905,34.22255247789045,750.1098486795647,17.242376838280133,2.250329546038694,39.03572327130973,13.70262599206064,76,17.346669664461007
2026-01-02 06:07:00,16.48184487536138,44.326315671962824,98.138333424128,292.5666015635923,17.646937341357663,0.8776998046907769,15.456321766803185,13.495722557463383,58,17.610032136498667
2026-01-02 06:08:00,16.093826736692954,23.52446688785473,62.96835952592029,564.8223901725062,17.84377643305513,1.6944671705175183,30.30059132339372,11.504924114494592,67,17.882076354503475
2026-01-02 06:09:00,13.443847739968906,23.693568050172182,41.61609464061578,655.1959949526066,18.308901564801708,1.96558798485782,35.90243695141751,12.374554682750798,58,18.265494716083392
2026-01-02 06:10:00,33.110595189546835,68.44078791626583,16.653851349727,848.4035290638066,17.42411475564367,2.54521058719142,44.35894916602975,13.382647933782657,56,17.428400380409705
2026-01-02 06:11:00,36.75304317776076,52.05502961038195,98.61767972836948,306.12640422592796,16.312330726130128,0.9183792126777839,14.974084307891058,12.34238191379649,57,16.30490335711111
2026-01-02 06:12:00,19.27662499137514,35.8565138225274,82.08490092631287,427.05452884850683,17.83918261653126,1.2811635865455204,22.971701206017514,12.883561564673325,57,17.930341954189874
2026-01-02 06:13:00,10.733073636081949,62.97792144276629,28.14773024509194,795.5795128811926,18.546511972024543,2.386738538643578,44.02937315154872,12.894528978961425,62,18.447505848952908
2026-01-02 06:14:00,12.876008361674957,37.70006827750778,7.006869572118946,919.3631870208154,18.633895448210776,2.7580895610624463,51.712822799898966,12.339558199289293,79,18.74950818492588
2026-01-02 06:15:00,43.87510121957607,60.43422280410958,5.662555737755803,944.0042729929393,17.311953075268868,2.832012818978818,49.34167667042326,13.580290032746962,48,17.422829564809366
2026-01-02 06:16:00,20.34056721170971,45.14461228878832,12.037814950553383,923.5594818908743,18.332058076662367,2.770678445672623,50.69045443770937,12.657425194388072,68,18.295322041747617
2026-01-02 06:17:00,36.92281017433467,77.64865586282733,58.07685836144216,605.0976268824721,17.106757176375663,1.8152928806474165,30.762811338169957,12.569003673656253,68,16.946472751657865
2026-01-02 06:18:00,31.86322490989923,77.44873125367455,92.87634212054924,349.54114280423653,16.99113877673844,1.0486234284127096,17.854279934927426,13.794281615022362,41,17.02639808644488
2026-01-02 06:19:00,23.367887387851354,53.41452786856809,49.674342800598446,675.4162760165507,18.188414041448084,2.026248828049652,36.712218200828595,12.635050837367018,56,18.11831680917769
2026-01-02 06:20:00,17.199054176844427,44.55733765345109,84.29454824561972,417.8861027498467,17.69034740995161,1.2536583082495403,22.04309082327627,11.910315979435737,70,17.583013392265254
2026-01-02 06:21:00,14.248524635579225,45.37918575913662,44.588661985980785,672.9302530189703,18.398408025075412,2.018790759056911,36.97806836102508,12.680059672585909,67,18.316939581346006
2026-01-02 06:22:00,31.52545388136033,76.40001679677525,70.85835457678252,498.38147689429,16.843679773362584,1.49514443068287,25.230264139382815,13.372238491695839,78,16.874800602279954
2026-01-02 06:23:00,37.11218232232258,42.97256379583284,73.18727372865008,459.63176075529236,16.696093652560965,1.378895282265877,23.17260868689263,13.286778751866049,69,16.805198324280372
2026-01-02 06:24:00,32.53664887393957,34.63415615947922,17.396370590333866,876.0626260598347,17.523347675733252,2.628187878179504,46.63483492174733,13.313738059749484,74,17.744102432300387
2026-01-02 06:25:00,28.56057466372054,25.928183931271477,36.121605897581176,769.3907711013585,17.57884844516876,2.3081723133040755,40.63567939727433,13.128454703195198,59,17.605132495114997
2026-01-02 06:26:00,11.46829282010727,52.66851846190859,63.73021565380239,567.5942921176025,18.354387167262214,1.7027828763528077,31.05293347456029,12.084701006853383,55,18.236578430405995
2026-01-02 06:27:00,43.89710721580343,53.749246924388935,7.069660818436619,978.5525607893261,16.928911528256133,2.935657682367978,50.02750583299526,13.482793397432532,73,17.041328126732328
2026-01-02 06:28:00,37.95499670791011,78.8636097282035,36.15401877629566,740.8641636899505,17.348983117167595,2.222592491069851,38.404091488987476,13.554919970365411,53,17.278962132415717
2026-01-02 06:29:00,20.248771284533767,35.48670875122448,53.479946628119244,652.5623694934505,18.132528586784932,1.9576871084803518,35.683827594417565,11.946551202222663,65,18.22754383979012
2026-01-02 06:30:00,44.298961527559776,46.66938915678799,99.62244930446387,298.77677033979353,16.07439556281629,0.8963303110193807,14.398460367729333,11.800047964068206,59,16.063788305177606
2026-01-02 06:31:00,31.065855637271273,76.58840172255836,47.45335626224407,697.2582078156894,17.488839337964993,2.091774623447068,36.43465626698019,13.743891427754958,63,17.418060176549492
2026-01-02 06:32:00,30.384793037253626,77.65365275242814,81.60567571143235,428.3231350711311,17.20780475635101,1.2849694052133933,22.19624578871808,13.497145116395847,57,17.273754300034852
2026-01-02 06:33:00,36.182561280033624,46.92277531851377,43.206728506661776,711.6975279294533,17.56788483982674,2.13509258378836,37.47266057662148,13.554443138582878,48,17.550836371757047
2026-01-02 06:34:00,38.41194258315481,52.138681630067666,79.6390722619709,472.02874145240094,16.49729888690654,1.4160862243572028,23.420378205230442,13.53866568463611,58,16.538808020579072
2026-01-02 06:35:00,32.9767512566026,41.2300123594498,59.54148016201084,579.3410862943,17.306931985021944,1.7380232588829,29.957293852852075,12.745879695277576,59,17.236417119128127
2026-01-02 06:36:00,14.483351122817002,85.27884148935185,88.65954415023984,383.75097069920463,17.981616781220325,1.1512529120976138,20.67429772605477,12.98672399433134,69,17.95808506437186
2026-01-02 06:37:00,21.839362709807446,28.30506360191062,41.09425523501099,738.1174818590492,18.05044757661536,2.2143524455771475,39.95753994433368,12.754334559907376,65,18.044796809172432
2026-01-02 06:38:00,42.482927411411744,85.3624596101029,60.43044198214788,574.3268428463637,16.44782047633774,1.7229805285390911,28.070773753839056,11.617774603137757,70,16.291985480323543
2026-01-02 06:39:00,17.861546414534818,67.87065162847404,63.00186806188274,532.5690779166976,18.122224912246892,1.5977072337500924,28.8481927024811,13.214657096311377,74,18.055994298010063
2026-01-02 06:40:00,23.025845834312967,57.210050688071185,41.73829418004733,750.6920818313669,18.2595779146369,2.2520762454941003,41.27743417817602,12.662263676672525,42,18.32861310124953
2026-01-02 06:41:00,25.12269090304686,22.28613425491471,14.431204368748151,889.5862801320203,18.14299083519981,2.668758840396061,48.442182187096705,12.989730872017528,79,18.15157722527959
2026-01-02 06:42:00,25.379174639305827,53.29173342754058,9.355940691233556,937.6835361801159,17.973755483138063,2.8130506085403475,50.58243451195251,12.65607155144373,68,17.981345361646028
2026-01-02 06:43:00,31.452885387308392,48.542367350191256,1.66715505996331,1011.4500479692794,17.899937310578164,3.0343501439078384,54.290305583618746,12.631166041341649,45,17.891905353315643
2026-01-02 06:44:00,43.00765432106476,31.28531683825858,87.35342642452146,376.35613695372587,17.07058503056922,1.1290684108611777,18.988823945221046,11.895114951798863,40,16.81813410290847
2026-01-02 06:45:00,18.424244914137674,65.94867224504598,23.647491223869455,814.3102031684713,18.569330756489034,2.4429306095054137,45.27298995902771,12.141041544824644,63,18.532245567217934
2026-01-02 06:46:00,14.252548170532133,87.98056351578,21.150674928176805,857.020021438259,18.54731769029717,2.571060064314777,48.20971059296527,11.865361191471099,77,18.75090794730765
2026-01-02 06:47:00,16.911467145097806,59.35321677451676,73.60354004260655,448.9136917435064,17.89479979989555,1.3467410752305191,24.172762890626625,11.950032479938288,73,17.949079697067248
2026-01-02 06:48:00,41.04237150732443,70.0327293510762,32.00161130873917,770.2305993014675,16.827762692398206,2.3106917979044024,39.33028486371383,13.737847974966702,46,17.020999901147785
2026-01-02 06:49:00,32.60337844293221,24.791531679621173,50.60446924118366,650.6694885980224,17.32274124891469,1.9520084657940673,33.87851446761732,11.852160925276056,50,17.35572107461927
2026-01-02 06:50:00,20.006737623370604,49.23668970718963,16.25110652974563,880.8432163552773,18.156612373256042,2.642529649065832,48.504539143319015,12.119321975901977,50,18.355343396228683
2026-01-02 06:51:00,38.55814286390161,28.14509396151471,95.97457214619692,297.30897611290675,16.590812137080324,0.8919269283387202,14.875531609233748,12.858356212798746,75,16.677971184187168
2026-01-02 06:52:00,40.14794987272026,62.89570848755573,85.15814000172374,435.7765791120141,16.845979000921975,1.3073297373360422,22.222057750233592,12.903410725344276,59,16.99805115388539
2026-01-02 06:53:00,39.628001854159734,85.69375107499083,86.37896229650033,397.41802700348126,16.92681059295261,1.1922540810104438,20.135257353944215,11.854140498410807,55,16.88839457515586
2026-01-02 06:54:00,42.162428677384405,66.3244412730147,40.67737485720052,743.8814183548312,16.773877758766705,2.2316442550644937,37.43320756895459,13.32555007930599,44,16.773823822503818
2026-01-02 06:55:00,18.828435706067655,25.376213382009507,76.23612137071729,461.1464254013701,17.875393077328752,1.3834392762041103,24.687607865223338,13.305966596199498,63,17.84509684657888
2026-01-02 06:56:00,36.426467506119735,44.8266343489558,14.387615538978016,881.6864515933387,17.68810383226075,2.645059354780016,46.81373897268039,12.045830719668949,69,17.698558971117603
2026-01-02 06:57:00,26.1188824045949,58.546436560859604,0.8619002591780278,999.350316590857,18.227423645665024,2.998050949772571,55.06476234221965,12.16393249615356,69,18.366853420685466
2026-01-02 06:58:00,39.46994935115215,48.224542929327654,1.9972932578028124,981.703204668816,17.47456272369361,2.9451096140064483,51.313265005949766,13.657372090556844,78,17.423210586768135
2026-01-02 06:59:00,35.49717370065646,78.35508073326207,58.660173740456045,565.8235546569805,17.89892094613327,1.6974706639709416,30.05660124273405,13.3990443257528,76,17.706698490106323
2026-01-02 07:00:00,37.17566062749036,77.02697032969925,45.53949052479408,710.6192515021913,17.0426501912732,2.1318577545065738,36.24526766671431,13.104933176043804,72,17.001728933412544
2026-01-02 07:01:00,32.965664318837504,62.8281714072255,51.801534890851975,624.9438513061563,17.079902411752393,1.8748315539184688,32.10179366724061,11.689136409474381,59,17.12249487168415
2026-01-02 07:02:00,16.21000693143974,46.14205615928937,0.7463140417219405,957.970474012035,18.580367663087834,2.873911422036105,53.80874470946284,12.462007386075925,61,18.723174380698378
2026-01-02 07:03:00,29.07594216139284,37.87354616342709,42.268661965742574,730.6826873189486,18.024780836825553,2.1920480619568457,39.71023854489849,12.786394305776703,60,18.11558753390155
2026-01-02 07:04:00,44.463440883357784,27.411202274919052,71.80681612008608,487.266326843145,16.4357924416132,1.4617989805294351,23.959599344531927,11.931045962362687,76,16.390488475955994
2026-01-02 07:05:00,42.808582327399165,44.84283784405878,44.26937019674359,677.9579307704826,16.980653909336304,2.033873792311448,34.31824829943362,12.530921138848917,66,16.873342106656366
2026-01-02 07:06:00,11.511080752895408,48.92207620454037,73.22192063122223,452.1388038408449,18.394199520191833,1.3564164115225348,24.914809789947736,12.882359518223987,77,18.368112902719634
2026-01-02 07:07:00,15.768518550530299,67.30760475728516,23.30189643968348,871.7055546541555,18.645548702447773,2.615116663962467,48.55110526243473,12.252966364265419,74,18.565559973477175
2026-01-02 07:08:00,14.610507070909666,66.07118770083014,81.31420044817254,405.01098511859857,17.93083817762908,1.2150329553557957,21.700574064143048,13.29617308358612,77,17.860070353226355
2026-01-02 07:09:00,35.409296849485344,24.907569774887985,58.84312404534523,589.2671212966965,17.327215858986712,1.7678013638900894,30.541530609139766,13.433034037769254,79,17.27656241984812
2026-01-02 07:10:00,38.62248654499308,47.668152080181045,21.076309942990623,870.7182368498745,17.413609266544952,2.6121547105496234,45.65904496363939,12.244301779698363,45,17.479456626071077
2026-01-02 07:11:00,17.472897820873516,32.72452070521533,23.672047585383293,842.7300055623789,18.663930225624767,2.5281900166871365,47.14199089990556,13.428911455332653,71,18.646537874427253
2026-01-02 07:12:00,27.704844253314015,30.976889372176398,62.8030464569537,559.1855885614802,17.676992167601377,1.6775567656844408,29.796478000186454,11.738226102036935,55,17.76182994798959
2026-01-02 07:13:00,39.424605980392,77.91115048160722,82.99395932124433,385.0089675855414,16.719426659655596,1.1550269027566242,19.309374499613188,13.42677692683211,67,16.717683764359787
2026-01-02 07:14:00,35.64805406681877,22.934065170138027,41.56277820291552,692.8660558642457,17.39832927863778,2.078598167592737,36.095362124811665,11.851325992835518,55,17.365242925531092
2026-01-02 07:15:00,28.97830219221469,49.34280131314849,25.83004291275922,822.945706371536,18.04620402714248,2.4688371191146077,44.13867398346035,11.69073245077237,66,17.878325646403795
2026-01-02 07:16:00,30.66216916605705,31.774255903656275,86.70116069106004,377.3483937628398,17.049767046234503,1.1320451812885195,19.4493742038178,12.976083430214326,42,17.180740243671266
2026-01-02 07:17:00,27.7926191420698,81.55311509749319,66.9268291750835,535.5793849743909,17.52292301103152,1.606738154923173,28.077383319345554,12.585455941237177,60,17.47477224793239
2026-01-02 07:18:00,20.414195796158722,58.99283592925246,44.80854872830765,699.9750270781493,18.22725471350719,2.099925081234448,37.9648207479433,13.588148380949516,77,18.07913105434483
2026-01-02 07:19:00,29.775769750065564,36.19664454637936,48.790019527930184,677.7199210204908,17.893001594776784,2.0331597630614726,36.225045008515664,12.335335151008954,77,17.817116818192904
2026-01-02 07:20:00,34.110985571753176,55.16991010164635,20.42564679363964,832.4968852882688,17.97971382969826,2.4974906558648065,44.69613993876456,12.160450205906546,69,17.896419285415753
2026-01-02 07:21:00,40.56630205512827,71.2040451792181,62.680263006484395,605.1710800541883,16.686700418584966,1.8155132401625649,30.188228757015516,12.651690284131657,61,16.627930928398186
2026-01-02 07:22:00,32.27019738927368,87.06826062436036,35.87425105428886,764.2298295110605,17.714672554128562,2.2926894885331817,40.316575773926985,12.548676227267922,58,17.58483910515102
2026-01-02 07:23:00,36.63925379651053,35.43122029717932,99.56451766743493,303.0140932545743,16.42607174655605,0.9090422797637229,15.030850071365206,12.292184506299533,70,16.53481956336729
2026-01-02 07:24:00,15.602507223410054,82.03272404905417,48.01835152618879,685.6622709782114,18.097581085402577,2.0569868129346345,37.5115689262479,13.095604987006157,59,18.2361737519996
2026-01-02 07:25:00,26.154511604692647,85.40128799172432,48.58856061896132,707.1882311072703,17.88292659432681,2.121564693321811,37.941129504666776,13.24699221800199,58,17.883560008373337
2026-01-02 07:26:00,10.326606693948266,84.14943811724464,56.58517874106719,575.1293467913923,18.314135149440997,1.7253880403741768,31.971874081323087,13.461863128769314,41,18.530251359798168
2026-01-02 07:27:00,18.633760258256807,64.47900498033368,91.67560031187467,353.76554496705023,17.749599596233267,1.0612966349011506,18.706982297252253,13.73757019083379,79,17.626535015815467
2026-01-02 07:28:00,35.42616002895517,64.08744581042953,80.08180998597503,391.8586969007083,16.605883496508287,1.1755760907021249,19.377975243742025,12.11330924190476,78,16.483811976958744
2026-01-02 07:29:00,44.71334829722772,48.22474432286759,45.113006979784146,688.0619817944715,16.610081386206634,2.0641859453834144,34.37574816160536,13.147015009726912,66,16.653416441715088
2026-01-02 07:30:00,13.471233485552556,72.66785176126515,71.8699265972796,504.21839865754566,18.27498879808267,1.512655195972637,27.699841568716728,12.406793941640215,47,18.31206585774872
2026-01-02 07:31:00,24.052301055145087,57.19058128456523,58.62354987807616,588.8519085446118,17.175342778137612,1.7665557256338353,30.353980709089,13.05728853548755,66,17.18257752565268
2026-01-02 07:32:00,38.00248390447058,67.42066498598061,49.23670487012489,642.2523944891597,17.355941891890573,1.9267571834674788,33.430662599851985,12.594757887803206,54,17.35073982684661
2026-01-02 07:33:00,17.14124721201146,49.99205326941568,19.231577278435054,824.3886687271881,18.546484032538547,2.473166006181564,45.837081622081094,13.785678136366244,51,18.53376664061912
2026-01-02 07:34:00,29.42797322558002,71.20475248301973,46.39362634548909,682.7152892498118,17.92173269958955,2.0481458677494357,36.5919886932795,13.176474912318724,53,17.86590948890172
2026-01-02 07:35:00,35.65749536103861,77.71300623231843,24.581858702257463,857.0356787625043,17.49570227741479,2.571107036287513,45.02770731333951,13.690729990998946,46,17.51296491271564
2026-01-02 07:36:00,31.559490759106268,30.25053796219713,91.48421498516547,347.790125989173,16.675748896571648,1.043370377967519,17.30057243375279,13.420429963806727,56,16.581429566223868
2026-01-02 07:37:00,16.580865711539566,78.30508009019596,33.540681349634696,774.0164291330201,18.512648664136382,2.32204928739906,42.883731366617944,13.576672325675755,65,18.468053886423853
2026-01-02 07:38:00,22.43845990400088,57.82075722532151,95.22640145333723,302.05230355823846,17.575389740357718,0.9061569106747154,15.98106128312708,13.373164153593752,76,17.63608608494498
2026-01-02 07:39:00,37.4327124569889,79.12661363631571,53.30552900947112,636.0055582075524,17.450828342344977,1.9080166746226572,33.041729739904866,12.556065999864597,59,17.317317075564567
2026-01-02 07:40:00,29.39792799462058,50.191119443871024,63.15443786761603,550.0512889717946,17.13681653841681,1.650153866915384,28.502517379279485,12.079113442697833,49,17.272642237029057
2026-01-02 07:41:00,10.183036474001947,46.532833976812455,54.29404444893278,604.6933298454123,18.456023805078406,1.814079989536237,33.49742308651023,12.3517364035362,58,18.465240386160552
2026-01-02 07:42:00,36.63467660098328,84.05425127620558,12.93806169667009,894.2262952989868,17.549730099250883,2.6826788858969604,46.820897500823556,11.546543335071886,57,17.453038359143335
2026-01-02 07:43:00,11.235897422908367,37.581848728388096,37.5821219007941,729.0529150537811,18.34562389810616,2.1871587451613435,40.282939310663785,12.705184285168734,69,18.417931208597377
2026-01-02 07:44:00,36.100682395593125,79.09486277003002,9.914611227762393,938.246387719514,17.874368740712303,2.814739163158542,50.224553871006506,12.66163294062194,69,17.843413176035586
2026-01-02 07:45:00,17.086819605783308,53.88144007565829,62.29540441833817,537.6889050477224,17.817019874729286,1.6130667151431672,28.65239742107625,12.708076069110124,64,17.762685915029383
2026-01-02 07:46:00,43.53257180417831,55.98668097858818,44.68741952004389,679.2457567283357,16.627424371969145,2.0377372701850067,34.05767450571096,13.740271817435747,63,16.713476758767268
2026-01-02 07:47:00,22.877926295572955,41.59277970426388,77.79849715709368,454.5810843403613,17.359922413078017,1.363743253021084,23.684361163913714,13.596344207946132,49,17.36717018503742
2026-01-02 07:48:00,21.44260657183277,60.1129540433311,22.047048099936983,823.6898788098039,17.89970460194234,2.4710696364294114,44.27008972919701,11.871939390159248,41,17.915354984963262
2026-01-02 07:49:00,15.211081761635564,42.76478373933479,16.45660584293349,920.737063132966,18.644660579802963,2.762211189398898,51.6528917228709,12.348429799578545,77,18.69983436498619
2026-01-02 07:50:00,20.69614754215752,22.74885899691566,40.63322309637678,698.4975287241357,18.5254070108798,2.095492586172407,38.337538788299774,12.475099212765503,71,18.295239525674724
2026-01-02 07:51:00,40.68277666398702,39.039902374104926,92.65853832183811,338.0014934744635,16.409577420418742,1.0140044804233903,16.71676435230243,12.32922571105879,74,16.48588805576329
2026-01-02 07:52:00,44.87170181695365,20.446533038461347,71.04218150124117,483.1385704948618,16.330466234188567,1.4494157114845854,23.523978159984537,13.336540716289,76,16.22997320478178
2026-01-02 07:53:00,22.89083356773969,88.48483509397997,41.89236247929187,742.7230643877193,18.148251724454884,2.2281691931631578,40.524898114686295,12.70528664069545,46,18.187531826142997
2026-01-02 07:54:00,25.70137208340899,87.60230468738233,51.727216975431055,648.9675857439722,17.966859506363978,1.9469027572319164,35.19128581096337,12.815829579034737,46,18.075523125252506
2026-01-02 07:55:00,35.272482837095794,47.66087082306135,8.421301117709834,922.3190520511583,17.550887395708134,2.766957156153475,48.534105215813206,13.46193118567223,66,17.540605971392626
2026-01-02 07:56:00,41.01685231627761,70.98595980377522,98.4575896376113,332.9215037139203,16.467738124852204,0.9987645111417608,16.382563274204237,13.353634752855326,49,16.402828786413455
2026-01-02 07:57:00,30.756551696537446,44.20642688872975,66.6407304694919,537.5288605993343,17.513648789595376,1.6125865817980027,28.093834897507584,11.804086502486689,72,17.421597832088807
2026-01-02 07:58:00,23.703399436224025,66.97652099601832,28.540406846342247,805.3622204978343,18.553474619558067,2.416086661493503,44.449345763115446,13.14200354339236,46,18.39724810849256
2026-01-02 07:59:00,24.44176442970183,76.38010301321853,58.58083942152443,583.04457987428,17.893036448174797,1.74913373962284,30.78215079008131,12.501503096474682,45,17.598511819181287
2026-01-02 08:00:00,34.34663512738824,86.27293712845685,10.948236606899398,908.3740240125647,17.453790743825355,2.7251220720376943,47.495442218124346,12.17769247704375,45,17.428739323449793
2026-01-02 08:01:00,10.112639226149755,48.01485930947704,96.58366688075836,330.66965381578365,18.10034702328813,0.9920089614473511,18.02148579027875,11.615043288075029,52,18.16665624067067
2026-01-02 08:02:00,31.685626811094423,74.83085880692335,17.478498788336594,866.748763881732,17.970942852575828,2.600246291645196,46.611119030895054,12.620673988794538,52,17.925655419896337
2026-01-02 08:03:00,22.442255365447508,38.61499154424831,64.80303180552141,582.7138899528522,17.7765630617033,1.7481416698585566,31.122488430198096,12.317504365666423,41,17.803184356743948
2026-01-02 08:04:00,37.796906594697944,89.32326126555539,24.545446253893044,802.7960541178867,17.345318712495665,2.40838816235366,41.55125167283833,12.078479991255723,58,17.252722099510443
2026-01-02 08:05:00,13.254672393809626,21.80387191350458,71.75613826485358,528.4301676031239,18.249070948276042,1.5852905028093716,29.135717083357623,13.097744978073003,58,18.378787377912616
2026-01-02 08:06:00,30.58707934319367,62.247016455078466,77.68213672402811,453.9986659558473,17.544084686923725,1.361995997867542,23.572406913003253,13.26981639082585,77,17.30725123268368
2026-01-02 08:07:00,26.834051146014332,66.16541871559289,67.34197289114327,534.5879044424192,17.442097005459765,1.6037637133272575,27.835712374564,12.063015893767677,41,17.356492195982213
2026-01-02 08:08:00,32.481393406682955,68.16318899518902,61.44994602551925,586.5135331539539,17.1471191738783,1.7595405994618614,30.467359694146726,11.613729104362498,65,17.315519575657916
2026-01-02 08:09:00,12.269875806903892,28.42713051523623,89.24690939520117,362.66664833350313,17.639261785518634,1.0879999450005093,19.268658193166107,13.452131211300042,45,17.710164675750132
2026-01-02 08:10:00,30.299432559984595,85.69708484311913,7.862671098975804,962.2462700011422,18.19718397270146,2.8867388100034264,52.29493592455445,11.522907404769898,59,18.115575868290065
2026-01-02 08:11:00,29.65196057858333,32.682829533505796,33.09147657801952,714.2087868462398,17.70390284308077,2.1426263605387192,37.68080233761963,13.655358736019387,62,17.586268437463623
2026-01-02 08:12:00,29.623103304565984,63.592738226788875,24.828747963084595,811.7989735939691,17.57217736596251,2.4353969207819075,43.10506700848499,12.943525710160223,54,17.699401128685707
2026-01-02 08:13:00,31.12206833087592,35.58732553861594,98.80139620654217,289.9089704073836,16.99348772708009,0.8697269112221508,14.717679814713035,12.240247260963036,45,16.922185142036795
2026-01-02 08:14:00,33.67637780292267,41.50514919148896,38.93897796668735,702.3570339857532,17.23304421343235,2.10707110195726,36.721567818012595,12.066899192026494,67,17.427778200698544
2026-01-02 08:15:00,38.174614988826946,58.25209792096871,73.26126992403988,482.87201377014185,17.03562969697987,1.4486160413104254,24.691027789647876,11.520713027808293,74,17.044563283526976
2026-01-02 08:16:00,19.4437252044875,49.20353929952036,68.47251638810046,528.4073846469307,18.099847607221385,1.585222153940792,28.515995280887385,12.041584259125017,50,17.988642923011064
2026-01-02 08:17:00,38.87672935630217,31.21579206835544,21.208123747737773,865.5963337358218,17.31812460401976,2.5967890012074655,45.11473249145134,11.816775093489424,47,17.37327617703006
2026-01-02 08:18:00,27.438948879220877,31.96554816945938,23.899768021155133,837.5191589959222,17.936372694562838,2.5125574769877668,45.444790212756956,12.907982307663236,63,18.08706492447664
2026-01-02 08:19:00,12.69703976970159,49.27013517139598,28.12845635530341,789.7869362150052,18.69459734621351,2.3693608086450153,44.25960272469929,11.883054853765744,60,18.679975866575752
2026-01-02 08:20:00,12.049282523539272,73.00980847928506,41.112727825937924,719.5912339749378,18.381130910864687,2.1587737019248134,39.811247140647026,12.715848626334225,75,18.441602797528237
2026-01-02 08:21:00,21.698341154362126,82.8575252793452,23.43250656505268,838.4581679416483,18.260782399153655,2.515374503824945,45.77434896045924,12.857267771392284,46,18.19782656254707
2026-01-02 08:22:00,37.471394198901365,25.888936358156798,1.9651482746847804,1004.9650854359269,17.56570069721839,3.0148952563077804,53.22566435184381,12.185495906197904,44,17.654233340440197
2026-01-02 08:23:00,34.76883271593205,47.517273529158075,87.93930568071954,399.96359429359353,16.93529233531332,1.1998907828807805,20.413209166774827,11.580649382743053,68,17.01255602427863
2026-01-02 08:24:00,37.601523763534225,27.017189460601365,96.5609831380884,324.6826463117938,16.381443026259024,0.9740479389353813,16.15316613103829,11.585683925412651,55,16.583543258346648
2026-01-02 08:25:00,28.104416975456328,21.161473644281852,34.15703870315679,742.9556689546773,17.69812528848002,2.228867006864032,39.408889122893726,11.56059886404601,45,17.68113081737487
2026-01-02 08:26:00,25.40696492844217,66.32030778507696,33.85068794254729,749.9861812855273,18.28229199356531,2.249958543856582,41.17060201626547,13.199986734414058,53,18.29838248739297
2026-01-02 08:27:00,15.160838434719938,62.171460937661145,0.7091812774370987,984.0399438651797,18.837126623337188,2.952119831595539,55.960280470435606,12.231422321072886,41,18.955965090411194
2026-01-02 08:28:00,21.486746376325904,31.411337967042034,68.02506883303741,517.5191914904132,17.619201206911008,1.5525575744712394,27.3247359238243,13.331490427725626,64,17.599821335534298
2026-01-02 08:29:00,25.190677816085632,36.36689831651449,82.54398957486288,427.553081527755,17.648690960340208,1.282659244583265,22.505518493477656,12.492985494838553,70,17.545983930275792
2026-01-02 08:30:00,13.101015038786603,21.659542755116288,14.660830036000316,911.677677550559,18.76457898317565,2.735033032651677,51.38070190738998,12.541895631908917,52,18.786135777517543
2026-01-02 08:31:00,17.721418344892392,78.44630439860826,15.966634936715074,887.2111815826869,18.599872785163626,2.6616335447480606,49.43466911811415,12.67962998577202,57,18.573056090181428
2026-01-02 08:32:00,30.93788529223086,88.2283417233986,79.00832499714377,447.26422077800305,17.228801456427,1.341792662334009,23.08080667212057,13.13997234966274,56,17.201470331468485
2026-01-02 08:33:00,35.748208998371645,29.482167575628356,61.629074835414464,571.4626022520989,17.237278999838715,1.7143878067562968,29.757849776082722,12.129056591408327,67,17.357711982556612
2026-01-02 08:34:00,44.94216289875324,36.20326496357087,4.486055762771701,958.2795033979513,17.515093761160315,2.874838510193854,49.7618308425509,11.779650903927111,51,17.309435179089554
2026-01-02 08:35:00,42.658966597024516,80.78866667628537,62.25469904622817,545.7092615235438,16.676112839779005,1.6371277845706316,27.378011802562625,12.778931870940362,74,16.723197822791235
2026-01-02 08:36:00,32.4897819837317,84.85246585693294,30.891772284376607,748.6488360631496,17.822533890490767,2.2459465081894487,39.881097569182394,12.2520485334583,61,17.75692227030474
2026-01-02 08:37:00,24.743681865292523,49.37391679647672,36.872515547084596,727.9894040088703,18.028378548689158,2.183968212026611,39.20541149335222,12.517730021436487,78,17.951457020966252
2026-01-02 08:38:00,32.26620776478815,23.54357305883519,76.97314182968802,470.6509162575397,17.153002189301137,1.4119527487726191,24.23893876323113,12.987977429175803,40,17.166961702012713
2026-01-02 08:39:00,37.49780663280812,22.757428358497357,81.09351926726106,418.2871363683813,16.926024395915352,1.254861409105144,21.16367045798795,12.636489204624922,76,16.86534489340939
2026-01-02 08:40:00,14.141766682318556,60.176490624830734,40.03566268398306,714.9942204635998,18.42126311408784,2.1449826613907996,39.46056218377303,12.926641279331939,60,18.3966811919062
2026-01-02 08:41:00,24.346671139370088,47.502657622522534,94.71529360063548,346.321570543798,17.212230221723548,1.0389647116313938,18.030187577002664,12.751660004861344,40,17.353994197446287
2026-01-02 08:42:00,39.3930799972466,22.005669930435815,40.64627179520722,725.8898873620028,17.018614643303287,2.177669662086008,37.13327881755943,13.201531655453028,43,17.051841913428298
2026-01-02 08:43:00,23.434153317656538,60.827667461878974,77.18360352301099,438.12411829560233,17.323989977400394,1.314372354886807,22.85068549983271,13.123654220736727,71,17.3852450676358
2026-01-02 08:44:00,30.01552949295153,20.791177561231574,48.38772645642591,681.2271019340915,17.32517559682246,2.0436813058022745,35.501503457872424,12.728636751159824,40,17.371350100957073
2026-01-02 08:45:00,30.571927630176937,75.11603707044911,89.7532326522084,394.274373221651,16.70401820318055,1.182823119664953,19.912139432712355,13.061476947977326,52,16.834418520964213
2026-01-02 08:46:00,16.45666885967738,41.450297589236015,90.77612436501786,341.9701323005038,17.67682165486458,1.0259103969015113,18.01927311375633,13.50918708522701,56,17.564178283189975
2026-01-02 08:47:00,22.678240457830093,22.818060210646248,8.741680787108386,922.3314970974183,18.424931081322576,2.766994491292255,50.53841231941842,12.494223961912788,51,18.264731815861236
2026-01-02 08:48:00,21.707895105967623,61.18465546882073,93.64933313102257,368.2764817457659,17.635443781409233,1.1048294452372978,19.37610492098664,12.449355067322225,46,17.537643483809394
2026-01-02 08:49:00,10.916884798622268,47.83790901031383,82.55348415204156,419.1885405106031,18.205732180619975,1.2575656215318094,22.73512551781913,13.257764927960475,42,18.078679258205263
2026-01-02 08:50:00,10.846711736197433,88.16602893500047,79.13107143126669,401.6869410320962,17.604590643011985,1.2050608230962885,21.25613308457651,12.839873825196587,65,17.6390541267128
2026-01-02 08:51:00,39.10939652865207,58.09390637525915,20.091133968552242,831.3684321254805,17.59287440980948,2.4941052963764414,44.03717039819082,11.663315594511953,70,17.656500093308082
2026-01-02 08:52:00,19.557478349048434,39.26674267259058,80.51192087546649,431.42916136828507,17.858707144496915,1.2942874841048553,23.21507268641377,13.551857636089487,75,17.936565849178084
2026-01-02 08:53:00,28.13275681835854,69.66072052437823,85.01327346850368,381.64623271478223,17.36938997069339,1.1449386981443466,19.813145255166056,11.570801135146572,65,17.30498347839767
2026-01-02 08:54:00,20.455395075607058,39.00444017798979,28.915033445415094,789.3262904693656,18.615424121748767,2.3679788714080967,44.02716295136943,13.22131161928241,42,18.59271781643435
2026-01-02 08:55:00,42.92377357903692,83.29703039852956,95.22600783623237,334.065869420045,16.201715130521638,1.002197608260135,16.245059294987794,13.24522652821992,67,16.20943730168148
2026-01-02 08:56:00,19.075386560302082,46.23053793551635,4.986014639916425,994.3429896012797,19.09478503493155,2.983028968803839,56.573950349658965,13.692155496148441,56,18.965270180512018
2026-01-02 08:57:00,25.03798844586273,58.49079939433437,14.990925324713967,889.2544444024464,17.97943356434196,2.667763333207339,47.856844845208016,11.624509139325339,77,17.938939428960424
2026-01-02 08:58:00,40.545558766961065,23.54011726769602,53.75811380515143,645.1440393553952,16.95431994199125,1.9354321180661858,32.97625184847178,12.87277077980433,69,17.03818570574331
2026-01-02 08:59:00,39.467674837713304,49.82848665665615,57.579247112230966,625.5204734551187,16.692038620356602,1.8765614203653562,31.451412426163984,12.484033312442222,41,16.76012950327017
2026-01-02 09:00:00,16.513549624619706,78.26544777626964,64.51500833009034,577.0811350764092,18.161082370417915,1.7312434052292274,31.323184445436375,12.260455796176947,47,18.092883040492502
2026-01-02 09:01:00,38.09251584284986,76.39541637543394,1.6969129315466458,993.8167013468848,17.81750584474297,2.9814501040406545,52.811417202360936,11.707732688687868,53,17.71333255947751
2026-01-02 09:02:00,26.036541035826243,35.70229911974684,96.03667746221302,288.47747480772944,17.20511911741897,0.8654324244231884,14.842123754186883,12.794104475244012,76,17.149951094193373
2026-01-02 09:03:00,26.90391052298743,35.82553497073938,4.458809273414399,978.0048323941764,18.50427608604713,2.9340144971825293,53.73526438775036,12.601793669051611,74,18.314587211259923
2026-01-02 09:04:00,14.671799034558031,77.21137185492657,14.306195272340238,920.8246308498892,18.880950601017528,2.7624738925496675,51.7064666408844,11.740475253747356,78,18.717449884444385
2026-01-02 09:05:00,12.821052981499363,85.12788941185279,1.401451752605698,988.568495623052,18.83142073216918,2.965705486869156,55.71764955140344,12.908725866323293,50,18.787317148684107
2026-01-02 09:06:00,35.477875744081786,26.675264489110248,56.685843329409465,638.0907740956387,17.03602164443075,1.9142723222869162,32.772111890459676,13.197292176581758,54,17.1198797103789
2026-01-02 09:07:00,27.37614033243549,51.50410475983577,93.22668839209723,364.60985248466864,17.259291765455195,1.093829557454006,19.02201377980021,13.264740092423391,41,17.390290516628372
2026-01-02 09:08:00,25.289774591531284,43.62179952749602,66.59471660804643,545.2024512867308,17.433828366890666,1.6356073538601925,28.57825832591253,13.582358333003583,76,17.472566541392137
2026-01-02 09:09:00,35.53278800283388,80.94819188202075,82.26574684804274,445.86738628781757,17.20056361802864,1.3376021588634528,22.906761035942147,12.441782706344188,71,17.125242273387023
2026-01-02 09:10:00,36.79295146468884,25.846744027601314,1.3281203458580082,997.3705546042115,18.13361532516946,2.9921116638126346,53.711248718363215,13.692067367830916,79,17.950950617238263
2026-01-02 09:11:00,15.561785868427375,34.778815979062614,54.20152984797261,570.7330810762847,17.83601225916491,1.7121992432288542,30.467331442722095,13.49048763169018,52,17.79426755572383
2026-01-02 09:12:00,31.357880231717445,72.67278363105461,45.95629775055219,668.3231367167273,17.82804825037255,2.004969410150182,35.51036603954054,12.18195361335506,56,17.711175970949427
2026-01-02 09:13:00,14.737392879718993,23.59056942868509,49.8967944220793,674.665799590402,18.712682846469814,2.023997398771206,37.924071576679786,11.866350985903754,54,18.737213595088594
2026-01-02 09:14:00,36.2981280110166,54.47747665000025,7.221318533518795,933.2989434634026,17.747719679407414,2.7998968303902076,49.51741514704778,12.50139561109443,72,17.68544276688466
2026-01-02 09:15:00,32.99343046934988,50.9474924275804,68.44353610693075,516.4257971467459,17.377119692259306,1.549277391440238,26.7944178554686,12.424367028298724,55,17.294784009311588
2026-01-02 09:16:00,43.48151173792103,43.40808252921241,50.322041485863444,626.8489833208944,16.82563952537387,1.880546949962683,32.0136770883752,12.82415440226177,52,17.023598952959123
2026-01-02 09:17:00,12.413530572474741,47.620062072324664,76.51488498612639,500.0742570011507,18.082994513604532,1.5002227710034521,27.19054516781418,12.84178833435382,61,18.124338393842184
2026-01-02 09:18:00,11.996915240293902,57.095841085116305,48.52906340617154,693.9264053051596,18.622469929078402,2.081779215915479,38.57016419523276,13.224970064073943,62,18.527499890650617
2026-01-02 09:19:00,19.876547614262005,31.29571508718682,14.938163622643208,877.7554767386831,18.137412762033957,2.6332664302160493,47.68836533179727,12.672746880872904,75,18.109965928470302
